Simulation_number,lambda0,lambda1,mu0,mu1,rho0,rho1,q01,q10,e0,e1,nloglike,Comments
315,0.464320052,2.32E-07,1.74E-10,0.171285073,0.047248741,9.29E-13,1.27743E+16,8.15437E+15,5.61E-10,3.48E-06,-10105.83349,failed optimization
66,0.266709312,0.002180307,0.227585825,1.67E-06,0.000164695,0.032568008,1.531722216,1.638237277,2.38797E+16,0.00206173,910.5914327,failed optimization
141,2.00E-06,0.112142367,4.30E-06,0.244750528,0.027056675,3.49E-12,74011288.04,76076406.54,1.40836E+16,0.000180135,12420.03494,Parameters out of bounds
469,0.125975741,0.002013321,0.263220692,0.001995657,0.034083811,0.008359046,0.041999762,0.02156642,40.68839451,3.925946466,13062.02393,
479,0.156311251,0.001500586,0.275656794,0.004787484,0.035275034,0.007022397,0.035933615,0.019062883,29.78902566,0.794105849,13062.43031,
309,0.137603793,0.003370276,0.273975325,0.000507376,0.037418839,0.00520996,0.044745534,0.021925048,9014.565855,4100.460319,13076.13212,
73,0.130216474,0.002715261,0.252757345,0.005392132,0.03456362,0.005845156,0.030662746,0.017123315,846.2797657,1.911733722,13081.77643,
447,0.102699361,0.003153457,0.236491266,0.000276546,0.039426408,0.005898061,0.050781387,0.02535393,1091.265606,1168.381991,13085.8469,
416,0.105511619,0.000686863,0.241287159,0.003563206,0.038776723,0.005968888,0.043822275,0.02381058,80383.82094,2.075420222,13088.25568,
105,0.087473888,0.003095585,0.2333635,0.000334037,0.040359447,0.006158686,0.047265308,0.025627928,63359.10103,27.88662202,13091.97695,
232,0.150286236,0.000138083,0.243159045,1.27E-05,0.0379718,0.005507011,0.052280251,0.027493576,3081218.896,206770.8624,13095.37003,
1,0.082642841,0.004447156,0.250563603,0.004073904,0.040107841,0.005560127,0.034775798,0.019429973,24543.58399,13.47753359,13095.41504,
351,0.10160147,0.005487256,0.217242428,2.41E-05,0.03759252,0.005533459,0.040594044,0.021950477,92964.83796,33516.11781,13101.14345,
310,0.128326164,2.26E-06,0.255702127,0.001691885,0.040722567,0.00620906,0.046221276,0.027252437,108.4318376,444.751142,13115.60409,
399,0.119743913,0.003533752,0.258425793,0.001254519,0.037395325,0.007225138,0.044049782,0.025477118,18.68315807,157.7082615,13117.21489,
268,0.148534132,0.001612276,0.28905764,0.001153603,0.035157888,0.007650307,0.037681946,0.02079277,72.84684986,633.1929364,13117.46845,
3,0.221617524,0.003385946,0.261771162,0.00106098,0.032243166,0.005321507,0.047720941,0.022785286,1395.632837,2192.771589,13121.23934,
242,0.098258528,9.20E-05,0.245573095,0.001064037,0.03996527,0.00654074,0.051542963,0.02810062,2241822.486,0.001356775,13124.56393,
500,0.172110489,0.000829435,0.265573561,7.73E-06,0.037369332,0.00573747,0.049063429,0.024554374,151490.9379,0.057515817,13125.81218,
205,0.11710399,0.000744419,0.203227989,0.000386065,0.036196253,0.008163661,0.072413454,0.035461298,27052.39243,5691.027844,13130.12709,
50,0.100444442,0.000166559,0.216334072,0.00494819,0.035736818,0.007420566,0.039052375,0.020036167,19.41620157,188.3042206,13135.85169,
119,0.248082536,5.16E-08,0.28889659,0.006090884,0.031156146,0.007411262,0.050055494,0.023097579,444.1603223,25.29370376,13136.712,
173,0.047599581,0.004061672,0.218750924,0.005458899,0.036715171,0.007408652,0.041336369,0.015856261,1.526906916,2.654392784,13137.49696,
144,0.317421312,0.003352487,0.399036728,0.003788187,0.026535828,0.005660478,0.032370563,0.015838215,627120.0963,324.9602885,13144.76809,
147,0.032620531,0.007213762,0.214564968,0.000229464,0.046856331,0.005501326,0.041206221,0.026713478,152435.4095,4324.412716,13147.58204,
444,0.135152584,0.012438781,0.143515856,0.015057046,0.034938547,0.012800033,0.018988248,0.008444394,212.800996,13.37344086,13148.62791,
176,0.129794965,0.000845994,0.288736478,5.04E-05,0.038278989,0.005644266,0.056816412,0.032450379,217094169.3,3.538467332,13152.82281,
481,0.387924251,0.002747725,0.421005717,0.004691324,0.023584194,0.007987122,0.030984965,0.013944557,7701.302416,752.3630218,13153.9329,
87,0.111612247,0.018692895,0.166810068,0.005781185,0.033997767,0.013054589,0.01902049,0.010109152,84.52289229,0.205070035,13158.60153,
340,0.044646163,6.84E-05,0.236495113,0.001746508,0.055359064,0.003349798,0.063145488,0.032855846,59070.02132,130.240284,13160.62448,
137,0.090805969,1.86E-05,0.222234452,0.005027347,0.02904792,0.008159664,0.038707784,0.012206289,34.02686941,9.727016526,13165.23067,
246,0.292037144,5.12E-07,0.356163103,0.002010221,0.042910839,0.005947763,0.04195069,0.021748268,153073.8566,2.439590304,13165.80388,
42,0.042227971,0.008078828,0.203195623,0.009459468,0.038577262,0.007165846,0.026635953,0.013222077,2147.52506,8481.413883,13167.28154,
200,0.192117123,0.008263009,0.232052246,0.000424444,0.028376484,0.009617033,0.033008263,0.015729235,22.73710982,115.9446765,13179.44852,
322,0.028285127,0.006052693,0.274012212,0.004278831,0.049021489,0.00758475,0.051227968,0.026020531,31158.30944,50.94734181,13180.15075,
171,0.254942856,0.000449791,0.262841163,0.001537088,0.03002863,0.004633954,0.039616941,0.035905768,416.0010702,0.083687697,13192.9383,
224,0.176003408,0.010735098,0.291465209,0.00425063,0.041193582,0.007150501,0.021738508,0.019033745,4794.448989,17629.67755,13195.9266,
296,0.027478204,0.000904343,0.274531458,0.001782324,0.049434032,0.004164509,0.057487602,0.029851803,126491520.7,7.809119701,13201.85092,
158,0.102805641,0.001511509,0.236187989,0.006201273,0.036832382,0.004808728,0.039565446,0.019418155,0.913845489,144.3574288,13202.6742,
11,0.111171455,0.017792193,0.153691834,0.010752194,0.033664094,0.012434136,0.014559395,0.007657014,871.1249222,18993.02234,13223.03657,
128,0.149000803,0.00272727,0.27671936,0.00066682,0.044589666,0.005556887,0.047591901,0.027479282,212.4882266,76034.79873,13230.2673,
143,0.115810879,0.007157416,0.076100441,0.027707596,0.032048613,0.013999504,0.016648461,0.007164174,31401592.86,30.21821349,13233.47354,
484,0.006449354,0.013505335,0.159142469,0.007523736,0.038622732,0.00668544,0.026638653,0.012771435,87.8181704,0.436194863,13234.93395,
229,0.198933423,0.003234318,0.389001973,2.42E-07,0.038730133,0.007005553,0.045104896,0.030470277,66875098615,0.000396969,13239.51807,
114,0.083693345,0.021791384,0.093096756,0.016866218,0.036112247,0.014635783,0.005614821,0.009993379,28946.35341,1.983911579,13251.08302,
100,0.048717959,0.000373992,0.236056246,5.59E-05,0.054750139,0.004028729,0.046961808,0.040769547,382.9200315,2992.784188,13260.24144,
285,0.001097605,0.006595223,0.253295058,0.000119127,0.047371765,0.005259931,0.048552256,0.024208961,2897008375,11827.31621,13262.42913,
189,0.065445153,2.48E-06,0.122500483,0.015122409,0.036645977,0.007817504,0.034190676,0.017252716,3887020.808,31.7717876,13263.00176,
133,0.099027695,9.17E-05,0.19755252,0.001493265,0.047270578,0.000901847,0.076905734,0.045910706,188943.8512,0.004328,13270.60277,
437,0.000191224,0.004478358,0.297971755,0.007290261,0.042079914,0.008368261,0.030196992,0.013648424,517691.5328,1.302584419,13272.40877,
39,0.09134314,0.038139739,0.101780261,0.026933754,0.028342952,0.016592412,0.009004201,0.013200955,84.6602436,42.76054758,13278.67491,
104,0.41614185,0.003881563,0.398321689,0.014596367,0.026367088,0.012902254,0.016639923,0.010734479,1661229.384,0.979423703,13280.07724,
314,0.05523911,0.007845107,0.177657384,0.016537028,0.048605279,0.007518798,0.038734655,0.020092206,16.45179455,622.9222269,13289.02403,
397,0.018581451,0.005162545,0.249045947,0.001345984,0.040569859,0.003351113,0.062406535,0.024445083,5.600011598,248.4970467,13291.84659,
26,0.062178747,0.005106818,0.128404275,0.040423688,0.031117426,0.017965155,0.012162162,0.001085497,1005185.749,189.68154,13293.90339,
338,0.002252423,0.016910568,0.134877229,0.028755018,0.035791021,0.012046622,0.013902843,0.007113646,1106019.634,0.001189794,13302.71447,
122,0.265159389,0.000875919,0.347402768,0.006626957,0.036796645,0.008523268,0.044473587,0.02360863,1.817473692,3064.925271,13311.91502,
51,0.126363822,0.018225185,0.097042673,0.020675211,0.024226778,0.01716139,0.012878527,0.008045385,0.493668518,288.5262067,13336.34783,
179,0.050508042,0.018880937,0.049119831,0.042488619,0.038367904,0.015502578,0.004981701,0.008322542,66062712.39,11.47152977,13357.66159,
328,0.239047338,0.032696596,0.251749041,0.000428693,0.027344948,0.013516493,0.012576707,0.007348695,73744.06125,11.23452888,13358.73801,
423,0.187813044,8.32E-09,0.41001385,2.88E-06,0.065476179,0.001336276,0.113388552,0.042238579,3368.161063,0.100009762,13359.96222,
34,0.087586614,0.007958926,0.213514374,0.004791799,0.05393794,0.000290205,0.061516731,0.032659251,27126.82604,0.044165487,13362.05192,
432,0.478630735,0.005630428,0.522490348,0.003877699,0.019134578,0.017438587,0.029943024,0.008112469,84.64223772,379.469419,13363.76108,
110,0.181290627,0.00121064,0.265008245,2.03E-05,0.037595779,0.007247545,0.043196687,0.030249103,0.815731809,22856.30775,13371.93606,
491,0.272096328,0.017960233,0.258782059,0.000919347,0.035820569,0.012699655,0.016867422,0.008431407,0.365875087,53.06830701,13375.39644,
214,0.087925575,0.021336256,0.101511404,0.02338914,0.032787546,0.018384724,0.011318754,0.006890654,0.308234193,4969.973725,13389.12932,
380,0.114715415,0.007179278,0.208773886,0.000106076,0.043562732,0.005616831,0.046111072,0.023278447,13.17430002,462183.4404,13399.64946,
266,0.002077771,6.01E-07,0.221235927,0.014694585,0.042464565,0.006584199,0.042399637,0.019835845,2433429.574,0.000120356,13401.10991,
264,0.009006099,0.020353562,0.14578008,5.08E-05,0.046189955,0.006343125,0.048773173,0.023461891,3067125376,0.003898537,13404.97618,
438,0.745546102,0.015524596,0.740460177,0.000820621,0.037709007,0.008709467,0.026617159,0.011186786,1708.812911,54.03528736,13409.24217,
83,0.00979594,2.99E-05,0.223623856,0.008214627,0.053481546,0.001358148,0.065370239,0.027831509,5666532791,0.406306777,13409.35359,
194,0.047399138,0.003323108,0.210385399,0.000753807,0.057272078,2.03E-10,0.080134755,0.040386993,2550564.626,5.72E-06,13412.21395,
474,0.041906307,0.012015817,0.149608172,0.04101572,0.029062079,0.007446978,0.005413622,0.011283615,0.411626853,58.0465378,13412.54857,
4,0.149417157,6.14E-05,0.277943932,2.13E-07,0.026597243,0.008135904,0.050102612,0.031912283,603.7979188,20814153.52,13417.31563,
149,1.258154012,0.004252924,1.265535444,0.004275996,0.032930569,0.009009643,0.025931079,0.018095823,7111.926708,32.68700531,13425.03403,
374,1.033106604,0.002722841,1.01578536,1.36E-05,0.026891443,0.006845804,0.035102863,0.019407707,234084.5356,10.00776452,13426.64623,
417,0.08117144,0.030882936,0.028327373,0.045055519,0.022874534,0.015123391,0.014911347,0.007022586,833.0778613,0.088786695,13427.43322,
125,0.06198927,0.030826515,0.069752434,0.021614339,0.032626795,0.017815648,0.014374995,2.53E-05,166474.3741,6915.790407,13429.85598,
32,0.001547387,1.20E-05,0.234449029,2.98E-11,0.040355611,0.003249727,0.064427649,0.033993323,6.97717E+11,0.104735535,13430.74357,
377,0.007061797,0.037721357,0.07483935,0.017261338,0.053513946,0.013592837,0.017531103,0.003667195,1143192.381,15.76630309,13437.76127,
369,0.015451793,0.000129321,0.188234112,0.000118558,0.052106834,0.006676963,0.145072854,0.075573193,280649.5358,1067.333799,13438.44147,
61,0.1299609,0.039106501,0.091832768,0.047594093,0.033446345,0.01087082,0.002929154,0.005841834,13182.10974,39.63912552,13441.09683,
289,0.061141444,0.017138251,0.082792795,0.025040617,0.027600926,0.015593226,0.01818419,5.89E-07,1402.331052,652.1517563,13441.16033,
349,0.054863415,8.14E-05,0.0582373,0.040002343,0.045621497,0.014707818,0.018356426,0.003399813,3280441185,0.290066029,13442.67967,
335,0.002314722,0.001604132,0.178322951,0.030697967,0.048418286,0.011148087,0.027356331,0.015236247,8190.703452,247822.2909,13455.3013,
352,0.000316236,0.020619913,0.216631623,4.84E-09,0.031860171,0.002431784,0.036556393,0.015270601,9041.599858,751.9279415,13456.62553,
24,0.07576513,0.004648569,0.215351517,0.002260233,0.04846192,2.11E-06,0.052996374,0.041998504,50819.56594,0.133897196,13458.03404,
181,0.132110859,0.041353478,0.061308596,0.027147239,0.025463035,0.016582379,0.01678672,0.003600764,1.801726753,325.395561,13467.28751,
429,0.073372928,0.0271242,0.096622222,0.027267032,0.021813487,0.036527256,0.017315246,0.00049703,6255.764917,18.46202941,13468.90171,
286,0.129764896,0.025098776,0.014866621,0.016554735,0.029218432,0.024426034,0.016085856,0.008068024,310.3469998,1.30741614,13472.05685,
72,0.003883339,7.46E-05,0.20818577,2.26E-05,0.066689315,4.05E-05,0.106262854,0.046778891,1287.988594,0.057333636,13475.67724,
356,0.471513514,0.000823538,0.391710455,0.025677488,0.026075364,0.022716356,0.018790129,0.008538734,486.5007056,5875.716227,13483.12657,
358,0.000292154,2.18E-13,0.392270785,1.31E-22,0.047651787,0.009507486,0.09114814,0.037582482,5.73845E+12,1.58131E+12,13503.90679,
118,0.029915237,0.006463748,0.247781862,8.43E-05,0.054619026,4.76E-12,0.083149652,0.05974198,39142712.86,101442.097,13509.41699,
450,0.104388941,0.001620844,0.257152974,0.001468891,0.047753319,1.35E-05,0.074071577,0.038357363,2187.495254,1888848.824,13526.59568,
192,0.001070134,0.00831991,0.307140359,3.28E-07,0.042327089,0.000252729,0.038388232,0.027889232,60131.15882,64253.32265,13535.07405,
94,0.002108857,0.001844301,0.215033841,0.000395714,0.064239402,2.61E-06,0.103472155,0.043777258,1.24176E+11,0.985953079,13537.91031,
170,0.035046196,0.004648657,0.265734082,0.000396146,0.028028262,0.002580702,0.118947264,0.028123624,306.4034543,533.5796019,13555.37922,
167,0.00032337,0.069290994,0.116613469,0.008085082,0.040553114,0.012688699,0.005359686,0.010468341,21430.60015,4230.551466,13567.78193,
294,0.26788344,0.007176536,0.476810169,0.004601368,0.071155192,0.010013031,0.110724331,0.033835083,51.85830155,465.761122,13568.26774,
188,1.86346236,0.00151001,2.050973358,0.002168852,0.034902603,0.004406666,0.036416748,0.02510279,1417.874626,3.714825353,13569.24191,
311,0.285863209,0.000344233,0.44069,0.010718584,0.037034015,0.008157982,0.040855265,0.036928315,0.023555046,4979.303058,13570.85997,
388,2.586547352,0.002610925,2.642469883,0.005464353,0.007267035,0.007141722,0.028389059,0.017924353,0.863911801,0.167873859,13583.33882,
103,0.055344603,0.05370774,0.127778613,0.006999304,0.021560294,0.018032757,0.016905623,0.00017256,31778.02993,0.276278944,13585.20702,
368,0.119710661,0.08161318,0.03663551,0.029525868,0.043030243,0.012028257,0.008253472,0.015214835,151.3106235,22.27446223,13593.63532,
185,0.101056091,4.69E-07,0.162729813,0.003306525,0.048658204,7.98E-07,0.124039404,0.045859718,24.87027362,1797.284391,13597.57231,
346,3.57E-08,0.024659148,0.261973466,0.003167835,0.043586739,0.016759443,0.016174711,0.002824413,92265.3436,935405.2614,13602.59964,
91,0.081528553,0.081659728,0.150631054,0.110690949,0.033803703,0.012760631,0.019121739,0.006750738,94.36005668,0.116697174,13617.13336,
142,0.549377992,0.012071985,0.675240266,2.18E-07,0.00263729,0.004941285,0.029073102,0.014823397,4.74736E+14,15526.35339,13617.44936,
499,0.43000445,0.040970565,0.464446287,0.001053265,0.048547465,0.015142718,0.009470285,0.006019722,53185581.06,0.035702158,13619.38953,
393,0.140074067,0.017277748,0.003651262,0.030634395,0.042095112,0.019798093,0.021227714,0.012241162,668869.9841,0.001625921,13622.87965,
123,0.000994114,1.04E-06,0.244641451,0.009221667,0.06447054,3.20E-07,0.083857484,0.04063196,419079329.8,7139.589858,13628.15846,
476,0.000230178,0.010025032,0.197947154,0.000335196,0.054861639,2.05E-05,0.085692252,0.025656661,53112.02817,0.006279166,13633.79137,
98,0.451501578,0.024849363,0.402087138,0.007461211,0.013344653,0.010312354,0.017079873,0.020418484,0.005776271,74.59321081,13635.93831,
372,0.212428487,5.10E-07,0.046623301,6.26E-06,0.031503122,0.007402001,0.060891061,0.033025676,32825.49351,8936.250783,13640.72339,
457,0.011333894,0.000191405,0.321682608,0.033589907,0.039765582,0.003042774,0.042951764,0.012636907,26.90594706,8092.58297,13659.08701,
401,0.208681105,0.050075805,0.15652865,0.004654208,0.035891123,0.010347853,0.014929705,0.000197271,256604.3616,0.000354984,13677.27758,
482,0.126294711,0.006826723,0.009335708,0.022155004,0.042906973,0.015152372,0.022130673,0.017450777,0.004736051,19.42508651,13678.69314,
483,0.346892929,4.46E-09,0.350600714,0.006228114,0.036854826,2.71E-05,0.086570765,0.051846778,11192460750,4.17819281,13680.22019,
210,0.11681827,0.090282415,0.196255273,0.001418605,0.029129817,0.020022289,0.032766452,0.017548569,11092.80432,0.008587357,13680.6227,
164,0.10486125,1.42E-05,0.043263939,0.026734306,0.032344416,0.012866176,0.056667188,0.035054259,3.92131E+12,5.74298869,13688.41493,
452,0.283003863,0.00018634,0.024804243,0.018124786,0.034246547,0.020476819,0.034656905,0.016149503,1.21357257,29.65193164,13693.126,
93,0.111270256,0.000889883,0.133404734,1.83E-08,0.047057667,0.006391145,0.087940399,0.048233557,1.068542003,25518469.12,13712.38396,
370,0.245826623,0.00378669,0.287932362,0.000239018,0.007026518,0.011318245,0.028005981,0.000928889,32525.64056,6.62049098,13720.00643,
433,0.185220071,0.000910723,0.007820774,0.005935221,0.048699378,0.014021178,0.041174471,0.023496108,4.085200188,1.623784053,13724.95671,
436,0.131985354,0.003000682,0.05429551,0.008413947,0.031961178,0.031345331,0.031763397,0.035928504,0.137047332,8.279305185,13731.69741,
202,0.167688314,0.127356948,0.119280633,0.087941083,0.033166005,0.00550238,0.007486859,0.010440315,55.46078436,78.67188612,13771.19762,
403,0.013664817,0.131816441,0.047278313,0.035892381,0.051958497,0.007528308,0.007188133,0.009490357,0.094479617,4.265506549,13771.68083,
347,1.625210684,0.002126797,1.673032716,0.00662054,0.019089487,0.012578009,0.026600225,0.001754171,6578.523662,0.000439857,13791.41469,
153,1.860723017,0.030190314,1.915200264,0.009063809,0.015044825,0.014787389,0.017226513,0.004670582,695.558575,0.042128085,13808.74325,
466,0.86934082,0.003886603,0.987115387,0.003791856,0.043886693,0.015401528,0.025721376,0.007218374,5.098057366,436543.5391,13813.26348,
329,0.117395118,0.000169156,0.00104311,0.03379474,0.064118541,0.006810725,0.022610879,0.010932304,38685554.71,2980389.591,13819.23611,
464,0.127686103,0.050267364,0.007901557,0.000129221,0.043991619,0.024918459,0.012424433,0.006589521,704892.0869,2.089604883,13825.74373,
33,3.405753633,0.008573476,3.589064444,0.008106845,0.022838884,0.017376591,0.023864688,0.017141933,6.936119801,83.36098092,13830.1423,
70,0.163188465,0.066057765,0.274298043,0.008486048,0.006747296,0.01462954,0.012769697,0.001881966,49006246.66,52.18679025,13838.1694,
488,0.063591973,0.003423661,0.001148954,0.023014524,0.044243538,0.026483439,0.019196681,0.006337979,5525501442,0.170325557,13858.28574,
35,0.005402511,0.054925117,0.086462777,0.029690547,0.038815563,0.008335971,0.009736394,0.00975224,0.570490305,22765475.38,13863.5537,
317,2.82E-05,0.001972495,0.275437331,0.002984567,0.056210371,0.005599413,0.073661958,0.034425772,0.120723513,414806644.9,13867.65768,
85,0.198700929,0.022418374,0.00038102,0.0326093,0.063743525,0.025257955,0.032000912,0.0158499,33995.54857,0.008097194,13876.3206,
152,0.0019263,0.007915081,0.186215132,0.053080998,0.076753841,0.010712873,0.029639326,0.033803188,816791970.3,2.186172008,13883.21055,
281,0.000833429,0.023924408,0.100102718,0.002238909,0.081810452,0.006741812,0.039734603,0.038123754,86805.10776,48396574.07,13891.9996,
371,0.706129981,0.000928057,0.756434836,0.015361451,0.034816357,3.76E-05,0.043122678,0.021366697,0.004221299,0.040075749,13897.40814,
227,0.113288837,0.00080693,0.029828844,0.035580294,0.051399975,0.04596305,0.002578129,0.014293386,813.1501065,1555.102555,13909.99333,
410,6.993557088,0.005101335,7.342743954,0.013740325,0.007821095,0.013411848,0.013735912,0.010295324,392.7484833,372.8167091,13914.62311,
146,0.119038474,0.000586284,0.021404031,0.061938929,0.040638285,0.018831836,0.012667805,0.001121685,0.013532002,535.7236371,13921.87402,
394,0.0464812,0.099765928,0.097684248,0.013324066,0.036368474,0.002413397,0.023307252,7.04E-05,971.2982751,7600.417286,13936.50134,
459,1.061242333,0.006199758,1.148330876,0.001959312,0.033806717,2.53E-09,0.051025838,0.032871243,1321.383496,6.807969288,13949.24933,
320,3.62E-06,0.0158155,0.139501094,0.011042935,0.092350653,3.81E-06,0.148671135,0.049540476,5488282862,4.962745297,13976.39534,
116,0.170115387,0.000123112,0.003436369,0.017380644,0.048421239,0.001785007,0.067038344,0.035246861,10572.97913,75853.16351,14005.77122,
379,0.001178466,7.94E-11,0.486234822,0.002460618,0.08581126,0.023147209,0.110516391,0.041478246,5809748.985,8.56E-06,14010.69469,
47,0.888941814,0.001619551,1.150569627,0.017935436,0.043959521,0.000134048,0.093781223,0.036974103,1.047122986,0.672662815,14023.71931,
251,0.01341683,0.047915279,0.207183331,0.027668017,0.04516905,7.53E-11,0.041398735,0.012410101,92862.65238,0.720549848,14032.58277,
175,0.004636373,0.099326301,0.316378137,0.006417529,0.04647373,0.023751727,0.019398315,0.010236549,6.888904492,1575.176902,14035.99386,
318,0.023228347,0.133754537,0.067028908,0.041626928,0.054120657,0.007795398,0.081120098,0.037295794,1334.804569,8.328257704,14083.34811,
267,0.266745256,0.007753973,0.000596214,0.002633547,0.072473031,0.006054654,0.068797769,0.038255228,741.1604915,1901.723616,14084.19296,
445,8.561698772,0.019332793,8.954468751,0.000937153,0.012981368,0.012266544,0.028689967,0.006767203,6.509034414,6.52006284,14112.45525,
155,0.025091905,0.024805247,0.127737029,0.009974247,0.062344226,0.000148867,0.322890431,0.209425255,10503.59391,5.159838976,14115.27472,
193,4.993052479,0.047092293,5.106256095,0.00804239,0.007582369,0.007713801,0.012241405,0.010336413,10979.54454,0.024417513,14118.48531,
37,0.000483084,0.030437367,0.320436997,0.002899248,0.035674517,8.44E-07,0.115876178,0.076133236,1559.287824,42079.8185,14119.46462,
463,0.000491677,0.02079334,0.296767445,1.72E-06,0.171643047,2.66E-07,0.140472056,0.058117313,18468.88953,213225.4886,14121.90732,
324,0.002777236,0.000457773,0.511280324,0.000255266,0.011664398,0.018298574,0.113979428,0.039030622,1.65856E+12,1.583038746,14123.10174,
363,0.477149701,1.48E-05,0.131683868,0.000346511,0.03363165,0.03103484,0.057247819,0.03905341,0.868067698,7522.288643,14161.34566,
187,0.155941425,0.000566098,0.009435977,0.031119384,0.063288394,8.69E-07,0.056025257,0.035721679,217.9637946,71.40257695,14177.67104,
337,0.043538389,0.029099901,0.123690844,0.013625389,0.050940224,4.18E-05,0.310198714,0.180554636,45.87461824,1774.474345,14184.66849,
426,0.039365582,0.029718796,0.019313686,0.002129898,0.054612491,0.019249888,0.021870715,0.029598033,44314.33822,2026059296,14207.06506,
456,0.280340089,0.019316884,0.079784691,0.004438723,0.082711512,5.89E-05,0.231681801,0.082036136,394.0713771,0.047576711,14224.45387,
238,0.064102964,0.026506204,0.495224688,0.002194252,0.074093138,0.005858398,0.288981877,0.05136041,38.65737964,127.3577508,14233.02409,
226,0.058857898,0.021732301,0.25220871,0.000208184,0.096481347,0.009178802,0.494096986,0.120795082,2209.914173,178.5963303,14241.73991,
492,0.17911712,0.003239276,0.001093542,0.031981972,0.062484893,0.000414363,0.039584386,0.036453311,28.53474237,226.0191586,14243.60385,
218,0.218233688,0.003629743,5.84E-07,0.009233225,0.053627054,1.02E-11,0.066152233,0.036058343,1589806560,78590519.35,14268.42456,
382,0.126971606,0.025517641,0.002889933,0.046140269,0.058109478,0.022435618,0.027270834,0.001615,0.037972019,52332.72448,14271.39884,
208,4.087460221,0.000187606,4.141296772,2.12E-07,1.23E-10,0.00665107,0.04832665,0.031505528,465.6645123,1551.047005,14291.81676,
454,0.169589272,0.007250479,0.108713861,0.003406012,0.041694415,0.013326543,0.347934658,0.120950649,4.328880709,13027.93187,14299.35862,
129,51.60544576,0.008265775,56.28448585,0.018931682,0.013620937,0.009057609,0.016681999,0.011938493,3115.360026,53.19257912,14320.57579,
74,0.006650333,0.014244235,0.196287585,1.56E-07,0.070097538,0.014324623,0.586916431,0.172157943,69913.96375,369.3557522,14337.87699,
13,0.026070583,3.80E-07,0.163184327,2.09E-05,0.062567716,0.005187498,0.695295317,0.449991549,1.56423E+14,1.86E-06,14338.53454,
209,0.004133471,0.196637947,0.05368958,0.169265121,0.056838492,0.008308621,0.032923143,0.018025369,0.502932837,313.5192004,14353.65923,
365,0.11995274,0.26921087,0.005771186,0.188837948,0.03353312,0.004105288,0.014803942,0.002281377,368.7017914,20.79404249,14353.76518,
259,2.986047862,0.004259249,3.096754099,0.011622418,0.000460643,0.033573473,0.011377926,0.027136889,815.9538999,243.3946979,14383.61719,
89,0.524777178,3.53E-05,0.586064338,2.57E-07,0.066736883,0.003143674,0.027741904,0.000980171,0.032512311,562.4461702,14383.73997,
107,0.104704636,0.366841527,0.018605315,0.298812316,0.036723298,0.005746425,0.006545275,0.005210053,20.9682452,2.3931037,14387.53657,
446,0.188253287,0.000144102,0.231420947,0.000906889,0.054123593,0.002026535,0.893766153,0.441492231,6403.251743,22477.75739,14387.66997,
99,0.126395237,0.002106808,0.183070698,0.000508342,0.058328788,0.00740268,1.034052721,0.384152449,195333.914,24303.99366,14391.96122,
121,0.26050327,0.00187808,0.332246543,0.009092293,0.020203461,0.013679645,0.552227286,0.233289992,653.0584225,5.468246105,14443.89335,
375,0.210654242,0.017169699,0.425960171,1.92E-06,0.171512556,1.26E-05,0.417874685,0.086151669,3.7673E+11,0.001887477,14445.59952,
135,0.05257489,0.003901688,0.10965078,0.008250879,0.052738501,0.020694111,0.561386319,0.289539047,0.043044006,8.335028578,14458.27675,
222,0.154389848,0.24889578,0.093776318,0.219878778,0.025916291,0.001786848,0.018772739,0.000231613,386.8632275,20892.70841,14478.3423,
283,0.225938657,0.007402464,0.031037742,0.046285269,0.01708544,0.019150546,0.201100689,0.104029256,837424.9849,1.3117612,14480.09267,
221,0.048832157,0.019800005,0.009607399,0.068268864,0.083085726,1.27E-06,0.050422129,0.02273304,495.336628,32.36046098,14491.19338,
160,0.120540602,0.013704701,0.006649343,0.071626657,0.004566483,0.028948164,0.173940474,0.122478715,2.62531E+15,1.84E-05,14507.98169,
319,22.34302186,0.060067069,24.14301745,0.003887749,0.010759523,0.011125968,0.020299768,0.005155024,32.87100439,1.974083115,14511.96209,
420,0.000185182,0.039472716,0.152100069,0.042182003,0.045577328,0.009447374,0.376331642,0.155846985,15152.9339,27.71363926,14512.05477,
65,31.55763774,6.20E-05,34.12602451,2.89E-07,0.010423609,0.013138637,0.043321963,0.020533631,99486624773,0.085784935,14518.40729,
134,0.482185431,0.087378487,0.571458261,0.01787712,0.058999228,0.008849043,8.20E-07,0.014795127,4846101543,4.32E-10,14534.92985,
486,0.064153473,0.003295745,0.138429704,0.003418915,0.060501819,0.004722475,0.905810177,0.594467065,0.035331984,77.39064806,14550.68567,
497,0.214568222,0.001647845,0.182505547,4.81E-06,0.086751423,0.008054144,0.891048245,0.44312084,276342877.6,37.40678963,14557.04156,
27,0.003957003,0.064689706,0.000153624,0.125257387,0.009411703,0.033989917,0.150119338,0.181744222,1275.010236,17.1677016,14562.13025,
113,0.022606175,0.049711271,0.122236161,0.019402853,0.030014489,0.016506549,0.465630129,0.427126468,1100559.856,29.18937512,14590.78443,
7,0.126874297,0.01253184,0.148490457,0.077856091,0.069803854,0.017484788,0.000256163,0.007002015,1.371941704,1.92205E+11,14594.69682,
231,0.078242113,0.029552056,0.000221407,0.008642134,0.040614258,0.017028157,0.100933271,0.084794599,10.39149881,1628.816906,14612.31027,
17,0.020071294,0.096675562,0.002628802,0.128675134,0.022673454,0.021238359,0.075607268,0.078702213,0.031439225,7.651945533,14616.2993,
498,51.51469504,0.016800912,56.70972576,0.01562742,0.019226857,0.014953889,0.022030974,0.002302745,236.608172,0.487201747,14631.46578,
207,0.071471692,0.014543332,0.115337941,0.013354467,0.05119269,0.000463346,1.832230624,1.379261528,13.32923393,13.54561564,14634.498,
408,0.043085555,0.002412786,0.234964162,0.09224521,0.023479009,0.027970607,0.167504553,0.116561644,17.68802958,55.35368201,14638.86067,
159,0.001032605,0.086886714,5.75E-06,0.142738687,0.006676893,0.038738024,0.187641374,0.269588434,177338.7789,0.137543809,14641.2092,
148,0.026969598,0.021867009,0.0953249,0.035386341,0.036414979,0.00567893,0.852533206,0.788999989,47.238357,32.84548129,14651.18752,
308,0.188611378,0.034062892,0.092799123,2.68E-05,0.089275084,0.00174501,0.79821199,0.465419553,97.78561864,1.900403436,14658.59259,
204,0.0158498,0.055727102,0.100561154,0.005846935,0.018671412,0.016674248,0.827038465,0.662190991,320.631835,21.27025908,14660.01824,
487,0.040177984,0.238257286,0.000117495,0.144730751,0.024234046,0.026437024,0.020526428,0.012068933,2.178197289,60.13413597,14663.61824,
62,5.80E-05,0.175200343,0.000775531,0.195407033,0.010988385,0.026510416,0.115438038,0.12283599,550394.8824,12.26835117,14672.15207,
81,0.09140287,0.021081598,0.179989243,3.78E-06,0.050395743,2.84E-06,1.725891297,1.156995988,5.564541768,136.0906923,14682.45045,
199,0.036043134,0.085292409,0.019708651,0.145534818,0.015450892,0.065674045,0.045554878,0.040681108,3037.594797,25.73204817,14700.56245,
345,0.001209373,0.008412671,0.007759091,0.131878675,0.010938546,0.041092296,0.133621016,0.166965111,32431.99002,292.2474984,14701.28547,
418,9.44E-05,0.063794067,0.003909952,0.128515236,0.001629252,0.058098541,0.209646545,0.265753621,1398811.001,3940.796149,14706.633,
303,0.008290784,0.063892206,0.000330054,0.112816449,0.000531435,0.053229751,0.22892941,0.313006786,20.40405668,3.543071868,14714.42283,
350,7.87E-05,0.015203089,0.016376757,0.10834217,0.016543216,0.030323457,0.188785003,0.201755813,287.9332476,0.578860739,14717.55585,
112,0.020724505,0.078657725,0.049009902,0.012808248,0.050464854,0.002455346,0.909797384,0.816794416,15.51136712,0.140911749,14734.59288,
96,0.132611481,0.000445401,0.065778311,7.32E-12,0.075184873,0.000495809,2.25565577,1.468312094,4.399018795,60.79549826,14751.93857,
390,0.076671157,0.021355894,0.114392809,0.003721701,0.051969211,0.004885091,3.468992892,2.215230211,766.4529217,0.000455227,14752.947,
402,0.000295648,0.107561176,0.047386469,4.15E-13,0.033800969,0.033996485,0.058089564,0.029499079,9.79E-08,806189.8003,14762.2815,
336,0.176823644,0.013495051,0.027645372,0.042738007,0.046982341,0.01053328,1.016845075,0.706752731,149.6185076,0.45991334,14771.35942,
442,0.010672977,0.031736175,0.124822443,0.018412286,0.059740916,0.000196535,2.547662051,1.38399201,2659.106597,15.43121249,14771.79108,
271,1.86E-06,0.100958941,0.116292166,4.66E-07,0.056804405,0.000982084,1.820443815,1.351796109,344537374.9,1407577.593,14773.45218,
325,0.011902645,0.024054317,5.60E-06,0.11736763,0.012473845,0.031708424,0.955711901,1.022221475,21546.09643,57.24359447,14779.11962,
449,0.019973706,0.045864273,2.66E-07,0.108610508,0.012545019,0.033964073,1.057823789,1.172966686,5150.45245,206.8169867,14779.78557,
343,0.018068537,0.049033798,0.093766309,0.005842695,0.0459551,0.00393228,4.210904673,3.438962243,75.31680832,13.18454942,14780.9615,
272,0.098724314,7.02E-05,0.10145563,0.009478708,0.039939051,0.008384513,3.412031712,2.403193502,7.192528622,80.79455839,14785.45111,
18,0.022629864,0.041194212,7.55E-06,0.095718654,0.027851444,0.016042461,1.008486759,0.863756656,68.06163358,0.001947761,14786.15067,
92,0.020836547,0.049839699,0.000401647,0.100255024,0.029389469,0.017822412,1.169177371,1.143383793,14.67826719,0.497148897,14796.58337,
109,65.80074077,0.027122688,72.18358485,0.019616533,0.022614992,0.010587097,0.002371465,0.016940931,38.65545083,7.981965069,14797.24376,
237,0.003049705,0.015082429,0.13085181,0.077712782,0.046191947,0.013144785,0.582495801,0.410660534,965.6173547,98.49235057,14800.90483,
443,0.003946945,0.023044274,0.002000742,0.144862263,0.000310236,0.047281805,0.551285596,0.679372242,25403.10007,1.904075424,14806.72873,
385,0.09473257,0.255088933,3.62E-05,0.212068775,0.050442744,0.000247191,0.023721834,0.008841157,25583313.77,155.675482,14810.71406,
53,0.000474019,0.056076005,0.003272833,0.136617532,1.30E-08,0.051467893,0.195371886,0.292949459,522501976.1,9.971834086,14812.8292,
40,0.002467061,0.042767344,0.014995757,0.102399413,0.008790311,0.03508007,1.051239615,1.098941267,37047.91386,11.60246018,14820.02495,
424,0.124771989,0.032966438,0.01292568,0.045053448,0.034606292,0.024619823,0.802146141,0.567830382,514.062055,9.2079816,14828.95033,
383,13.43507746,0.001707498,14.32707606,0.058631114,0.035372887,0.000191273,0.038457981,0.022951781,220.0615392,7.230025303,14829.13457,
471,0.000392778,0.060207979,0.000617833,0.101131694,0.004468585,0.039780949,2.539561844,2.651477971,119.098009,0.01595551,14834.67469,
30,6.997956758,0.102523698,7.225059767,0.028509899,0.000948671,0.016398423,0.011967518,0.008214152,0.310312008,1341.668948,14834.79013,
291,0.071555887,0.009735504,0.283114181,0.019502167,0.040846179,3.31E-06,1.889069215,1.333540782,15164.26019,0.766231388,14839.30272,
458,0.000545126,0.061797082,0.100771631,0.050857559,0.052725887,0.002713183,1.384545093,0.961602655,52.57795636,154.1726161,14841.26776,
78,0.076178789,0.008201831,0.000494677,0.080665935,0.051565706,0.000512766,3.153033326,2.646670304,186.0809796,0.34436961,14843.10975,
472,0.056918229,0.00671038,0.09829258,0.003228699,0.037324739,0.011347591,11.22656667,9.44107884,258.4944322,1.47551716,14843.35653,
465,0.070295132,0.00142909,0.001033902,0.09337654,0.040655137,0.004182252,3.854984458,3.460001368,1294.824117,0.167839208,14849.06436,
411,0.046519722,0.020172474,0.091854381,0.010475397,0.039134954,0.007949503,11.62853401,10.05325386,7.826456133,0.758446681,14849.14798,
295,0.034261104,0.01374313,0.108733933,0.01282424,0.04935819,0.001961945,11.36594606,9.019703809,16.73038398,4.331647785,14850.61716,
360,0.015259723,0.007892589,0.299202271,0.00022833,0.132153317,5.45E-05,1.875638119,0.603474411,9625970.931,0.006120908,14857.66575,
75,0.000305357,0.163984769,0.004679447,0.049751989,0.025839977,0.026159733,0.111300916,0.113020474,186.4145993,8362.035821,14859.0788,
97,0.061022879,0.018872862,0.082392361,0.017994734,0.042840402,0.001110121,7.317265607,6.600006484,68952.33725,2.479578669,14859.59413,
439,0.007196533,0.04947942,0.108880769,0.003234287,0.038664998,0.008636255,9.65252849,8.393997316,12.08627931,17.21152687,14860.91531,
215,1.08E-05,0.053402959,0.000116376,0.112074479,0.021544992,0.023055649,3.199392612,3.01944802,27655.59912,18522.40612,14861.24324,
102,0.028402619,0.037500003,0.108901999,0.004974109,0.045793866,0.001200497,7.322861295,5.242094194,153.9323014,980.6993924,14864.10706,
391,0.007306309,0.063975014,0.000942266,0.093628888,0.014965163,0.032728566,3.306669329,3.377369172,12802.86064,8.300376272,14866.42642,
300,0.072280222,0.016076121,0.10040777,0.004358648,0.042654062,0.005150816,19.32700365,16.02285683,132.8934778,1.986414661,14872.38256,
250,0.078490289,0.000150514,0.11628921,8.96E-05,0.048478419,2.24E-07,27.49322127,22.76787818,346.0234952,0.000544245,14877.07582,
260,0.064846106,0.131704382,4.11E-05,0.051717618,0.067273316,1.26E-05,0.059917638,0.035313257,71765.81994,23569851.78,14877.27928,
228,0.001472596,0.089991354,0.00244658,0.093036124,0.039972519,8.96E-05,0.833610147,0.824295599,360.3534516,37.18324252,14879.0648,
54,0.003543565,0.039222212,0.013758191,0.093879868,0.013742449,0.02953558,3.997798629,4.020295478,19.93664746,3.477923795,14879.97598,
470,0.066349406,0.002731989,0.011421172,0.087593869,0.033876966,0.009748152,10.37393736,9.305653223,3.58922094,0.790928417,14880.24299,
404,0.056616178,0.001915582,0.001347925,0.092297343,0.036488435,0.008906081,11.65308589,10.68819163,88.91097887,19.19643629,14880.45639,
49,0.026795103,0.037997479,0.085342252,0.020953414,0.043931533,0.002017993,19.12178189,16.81120229,52.35666515,4.892034275,14881.19879,
407,0.047899801,0.010305861,0.116145837,0.011782074,0.042995441,0.001276205,16.57957179,14.1168342,35.99443395,60.02788318,14882.70556,
217,0.060224355,0.010802252,0.000269129,0.093478876,0.016408199,0.02681319,11.22098373,10.22674993,1902.587966,121.3952164,14882.75679,
265,0.039904961,0.033095246,0.000127554,0.090489888,0.046211328,0.000380773,1.324583271,1.1980587,6218.923104,62741.2813,14884.0853,
132,0.074223897,0.007324022,0.000388544,0.101080457,0.019141539,0.026175286,4.319316524,4.081009582,237470.9218,7.877650613,14886.09618,
211,0.053548628,0.016979149,0.001676897,0.08877859,0.026568339,0.017232687,10.3554062,9.527323603,1.450741164,0.694543466,14888.29805,
161,0.066240602,0.001350958,0.011339131,0.085307521,0.040312058,0.005662416,17.53156442,15.43198286,52.62079358,12.16250668,14890.32291,
68,0.022425725,0.036931871,0.0017878,0.097160887,0.000370887,0.042215416,15.05618843,13.93610998,11.42591573,3.983934029,14891.19734,
248,0.041848576,0.025758374,0.001192841,0.091619285,0.040062745,0.009081686,9.872546751,8.868853005,17.434381,7.485933976,14891.62116,
191,0.050514866,0.014248125,0.09583391,0.028081542,0.033613732,0.013615023,10.7426107,9.586643991,3.99720454,3.650897135,14891.74197,
406,0.043381636,0.024406351,0.107934766,2.20E-06,0.053285785,0.000228378,29.67742753,24.68011916,0.338689351,5.18E-05,14892.0186,
307,0.028515785,0.043042215,0.001814653,0.09196812,0.005355832,0.038740388,2.884033474,2.902225169,292116.4876,0.028148078,14892.27713,
323,0.034440902,0.004757927,0.001351411,0.140077348,0.000281117,0.039455109,1.320754019,1.434427843,2660517.122,3.194672563,14892.32388,
230,0.066555191,0.000251424,4.23E-05,0.095907668,0.046619904,7.07E-08,19.77748902,17.68517445,186395.7987,56310.61743,14893.22915,
80,0.043090518,0.38129985,0.069468472,0.360017638,0.056361663,0.012420984,0.000196268,0.008033519,13.51350167,38076.08591,14894.44112,
434,0.01765787,0.043586837,0.107408757,0.009251847,0.00700267,0.039157884,7.694043934,6.720560974,11.29558075,3.279587406,14895.85896,
298,0.001483325,0.059236345,0.000229281,0.093364967,1.81E-06,0.045060497,10.4917276,10.3234567,634867.5124,202.2745026,14895.88388,
2,0.033631458,0.034411693,0.10770609,0.002239861,0.025603284,0.019438464,34.52106282,30.25861012,155.9010472,2.476085066,14896.33886,
145,0.054306066,0.001577199,0.108831188,0.008645737,0.00469317,0.036663349,7.101390464,6.110961584,37.83593686,51.95671524,14896.71798,
165,0.069594041,5.01E-05,0.124660246,0.001437475,0.034651501,0.010938636,22.51525885,18.67784444,944425.3991,56.79386159,14897.00193,
263,0.015377128,0.047585388,0.022339525,0.074441954,0.023915778,0.020716731,8.934553217,8.201883001,105.3674227,9.631565791,14897.83541,
455,0.05397142,0.01085715,0.000151949,0.090935565,0.002228011,0.040079932,11.69536968,10.75865072,25816.75581,32.44287857,14897.91947,
84,0.061939313,0.017748531,0.045919925,0.054781613,0.047126144,1.21E-05,15.48666851,13.20747377,114.7116608,43.84243266,14898.10008,
333,0.00022313,0.057571646,0.088881975,0.013642412,2.70E-05,0.042188161,5.937652557,5.175291292,200.6905168,35.97096445,14899.93065,
252,0.007520723,0.054976021,0.00358537,0.091083749,0.003223466,0.037990756,34.53516479,31.25085335,415.8817929,75.08650152,14899.96368,
95,0.063620033,0.008574848,0.107109996,0.009960058,0.005497227,0.033707721,20.5338929,17.63552047,1.343874015,0.023492291,14900.18755,
240,0.099245619,0.001668747,0.145008054,2.14E-05,0.046537334,0.008182422,4.500499107,2.978689961,19.99851345,5896.648914,14900.42723,
254,0.031068331,0.035712339,0.100790308,0.026027111,0.033973987,0.010895246,5.647005929,4.410640858,4.983239318,38.24793282,14901.21907,
247,0.031441729,0.033131034,0.068469209,0.04840237,0.043375279,0.00017385,5.897509585,5.553747671,648918.6175,25.70820704,14901.98566,
239,0.069857269,0.001395407,0.000948083,0.09153684,6.55E-12,0.040430043,46.14895201,42.64686238,13565.57719,1825.936781,14902.97549,
409,0.061287799,0.013937668,0.012680225,0.09661848,0.004605201,0.040450687,4.008788147,3.944672663,25.01330397,63.15900269,14903.07595,
77,0.045072074,0.024280863,0.079173431,0.025044868,0.047135402,6.16E-06,42.26255634,36.68878712,5.337766614,3.100902694,14903.58971,
59,0.069698836,0.00023728,0.084040033,0.017194753,0.000150124,0.040857352,25.17494554,22.21305203,42.75540273,6.773073659,14903.62829,
88,0.071541238,0.001415327,0.030388132,0.065733751,0.038131091,0.008471386,16.18808158,13.47996867,114.1395661,135.048315,14903.71401,
496,0.011911095,0.058470491,0.099043492,8.72E-07,7.13E-06,0.042531375,52.49578447,46.5118529,31621.41293,7615.482193,14905.36312,
21,0.044692768,0.022141895,0.003737867,0.083462044,0.044962998,0.001927376,26.97816108,23.70828056,503.3907892,313.4406073,14908.20581,
140,0.0608321,0.014967222,0.012672342,0.084421646,0.000753536,0.041879907,4.269732854,3.780628724,1950.24328,0.162421777,14908.61603,
31,0.068035621,0.007107995,0.109216876,5.11E-06,0.036806638,0.008470611,76.15958713,65.77371182,1029.827767,0.836858348,14908.99563,
419,0.000309416,0.062858099,0.000280356,0.094497013,0.045344177,9.90E-09,10.13063048,9.199579907,120301.0109,10611.93852,14909.26626,
190,0.06646647,0.000265666,0.025350851,0.071335452,0.019689664,0.024162171,377.847809,340.6129184,2.942309441,0.194352684,14910.14117,
313,0.043348967,0.020523921,0.086400592,0.021020679,0.00016671,0.042834939,58.08168711,51.47217949,17.88217862,1.806670389,14910.14557,
395,0.057856973,0.027344212,0.100914374,0.004046038,0.022209533,0.021100162,34.3001138,29.25068952,161.18246,0.031950766,14910.45077,
334,8.78E-05,0.060780004,0.101207667,0.000655763,0.046304545,3.40E-05,802.6186016,712.7318726,6255.954018,606.0681809,14910.48996,
288,0.066948783,0.000845241,0.100212814,0.003147141,0.000622697,0.040557335,748.4961569,667.0225361,38.08023001,3.95476596,14910.63927,
480,0.001514067,0.062049443,0.093018148,0.007773587,0.004620996,0.038281509,7.144161568,6.466845534,16671.42106,1.763546786,14910.7202,
154,0.0178285,0.044991001,0.06892497,0.028208295,3.79E-06,0.041975668,87.62183828,78.82707482,428.1464031,107.5306884,14910.87126,
330,0.059842101,0.004715155,0.01423287,0.078490824,0.04736245,1.73E-06,341.1816956,301.4450238,342.7059126,60.11302671,14911.17182,
341,0.044273363,0.019211876,0.01026673,0.084304631,0.004511619,0.038464566,298.474967,268.1994557,0.98925882,0.000923957,14911.36053,
234,0.037290885,0.025729371,0.06967026,0.029871545,1.29E-09,0.04119985,478.2717673,425.4816782,1642.74061,210.0968693,14911.46762,
414,0.028134681,0.036615137,0.00113643,0.092231013,0.04703027,4.74E-08,300.7118107,269.9004508,2861.466412,411.0475613,14911.65419,
198,0.053514391,0.009167208,0.016011334,0.084037422,0.019978542,0.024730673,4.492453765,4.068303553,2.506001676,20.73070211,14911.76214,
478,0.000769029,0.059660479,8.13E-05,0.09150594,0.046037013,6.63E-06,2922.099966,2609.248841,117.3662728,15.23589158,14911.87377,
43,0.003344415,0.054158819,0.06766472,0.033382796,0.046407561,0.000164435,104.9447772,93.48732421,39.48657066,0.830628886,14911.90981,
117,0.062184313,0.005283562,0.092644463,0.009476738,0.004228325,0.037573569,5310.279424,4743.753234,0.03132742,0.001576258,14912.01031,
183,0.000471357,0.061688746,0.037238527,0.057775893,0.001171025,0.040432955,445.7340342,397.3110195,76.56839153,6.963838405,14912.39214,
131,0.012970082,0.048007051,0.037541369,0.058936586,0.002144761,0.039179261,71.41185012,64.27316133,0.199914373,0.001089151,14912.76046,
60,0.055964251,0.010296738,0.021965387,0.073110232,8.72E-05,0.041602202,192.3738907,170.2768761,12.11338853,0.614542879,14912.80979,
396,3.37E-05,0.059176261,3.41E-05,0.0926117,0.045223927,0.001150474,587.6183192,521.9890435,168.1515331,51.03553565,14912.9818,
276,0.046050487,0.034308617,0.044127445,0.045454863,0.041732085,0.007777925,10.48217336,8.835097337,5978.725788,4.725820353,14913.15777,
321,0.072069697,0.000232761,0.034255983,0.061541511,0.013797782,0.029452728,45.98447853,40.96554516,2482.376415,38.70388705,14913.44224,
19,0.069944214,0.00053178,0.0763216,0.032035009,0.045581463,0.001156322,60.68248571,54.28801227,45.3151689,55.77518125,14914.51025,
180,0.004588603,0.05591816,0.094199434,0.018970234,0.040740911,0.01076512,12.88635263,11.70699218,37604.64543,7.493366076,14914.84027,
359,0.066526211,0.003249784,0.095419291,0.006955449,0.046377685,3.07E-06,662.5442163,585.4481313,746.3226076,7.578846289,14915.30014,
273,0.041425716,0.035446463,0.018081389,0.080911832,2.35E-05,0.041143417,8.41777123,7.482590562,29.15245703,37.47318885,14915.49363,
287,0.043216158,0.026643199,0.108155308,0.003038199,0.01848631,0.027150168,22.57336322,18.94184731,4528.909838,0.002907406,14915.60946,
364,0.078683366,0.000658381,7.38E-06,0.101711829,0.048133349,2.29E-06,70.2320043,62.86266846,2175.663165,64.26292438,14915.84873,
184,0.104410473,0.001860169,0.000113262,0.077604243,0.008827802,0.043995023,3.516819694,3.534440381,156.9145683,307.2472252,14916.06082,
299,0.074523347,0.001786919,0.014730711,0.078131564,0.013992016,0.028399171,5.806613603,4.659099669,12.63723062,69.34507996,14916.46774,
255,0.04857067,0.018069357,0.057468453,0.046462432,0.036010113,0.010886692,433.4702735,389.8333532,0.981555088,0.223514717,14916.8723,
223,0.042413811,0.019625625,0.097599864,0.012811987,0.001613747,0.039326671,12.13806487,10.76850492,58.2729713,86.99463124,14916.92927,
361,0.057912508,0.012870811,0.093236331,0.016006192,0.002300398,0.03910747,10159.95966,9373.229483,0.3291493,1.99E-05,14917.23495,
8,0.073129648,0.000279703,0.006887706,0.088496846,3.74E-05,0.041822389,600.9294071,534.3041726,66.82104872,43.12721287,14917.78357,
169,0.042583214,0.021685958,0.02070089,0.069745639,0.000112757,0.042494435,7280.19348,6322.264683,0.391677257,0.18143043,14917.95082,
22,0.113309125,0.006971671,0.137844776,0.001902969,0.047981351,0.004412939,17.08145267,12.19703796,6294.123068,0.208695404,14918.96574,
312,0.000339486,0.060153575,0.014470133,0.078781625,2.65E-05,0.041395634,888.8507413,790.5737838,0.228845314,0.223629677,14918.97479,
48,0.007046067,0.049579676,0.037236984,0.07270119,0.000842973,0.035358995,1.273388997,1.192088824,880972.9369,26.16446333,14918.981,
292,0.015896188,0.046525803,0.000801484,0.093958471,1.02E-05,0.041441172,1572.95582,1412.005395,647.4789678,4.630314483,14919.69841,
241,0.050636752,0.016729694,0.102672659,0.001002103,0.047181457,3.54E-05,8003.837259,7135.748291,170.2500157,0.019978397,14919.9001,
355,0.060724511,0.006406708,0.002564656,0.085195972,0.047218501,0.000320175,53.61198875,48.25160966,2.148191796,2.479769312,14920.87666,
166,2.83E-07,0.063617046,0.029843018,0.065670071,0.048225355,1.21E-07,332.1891837,283.4975094,35.86208723,24.41866315,14921.0654,
63,0.036621634,0.032279819,0.05270077,0.041659293,0.039016052,0.006622095,103.4618951,93.95764256,1274.702716,3.146786165,14922.12356,
256,0.050892316,0.013529868,0.003102492,0.090571406,0.000198692,0.040793469,111.6642957,99.8694307,200.4860021,0.190974098,14923.09529,
182,0.074140005,0.006377325,0.064743115,0.023584366,0.046568459,1.67E-06,19767.37311,18826.93099,289.7115237,85.1536988,14923.82028,
316,0.046106798,0.001029719,0.00095361,0.114769058,0.007321857,0.032288232,67.20557942,65.11568226,10.70989329,0.936176722,14924.65473,
386,0.001570768,0.045766558,0.085624913,0.019077331,0.039213018,0.009706028,62.82186748,52.59702513,6.489587583,7.643466849,14925.0649,
213,0.050488945,0.01498408,0.021424737,0.076441452,1.88E-07,0.041778842,57.87636634,53.4791826,986.841891,0.94662504,14925.27493,
290,0.055549479,0.007566933,0.021450958,0.081929581,0.002414794,0.039941919,41.81485122,38.57959457,1330.188431,1.145450848,14925.33345,
430,0.069494332,0.000258521,0.004179192,0.086650945,0.04588032,0.001837255,142.0618406,122.6353752,1548.757701,0.000771404,14926.1396,
25,0.027728529,0.041855902,0.100401684,0.000409986,2.35E-09,0.042296359,599.1863545,553.5435729,2572.881803,3.267553931,14926.86425,
258,0.004499893,0.065253471,0.01439829,0.073079436,0.000113536,0.041887523,31.41604713,27.33115863,67.74263804,129.7274286,14926.9542,
10,0.044165081,0.026441642,0.001894724,0.089221804,0.000125879,0.041015679,434.1254956,383.2276282,31.83389348,0.025171662,14927.57001,
297,0.063245699,0.002731846,0.00371193,0.080583884,4.03E-06,0.04282497,380.1788402,342.3303449,82.30455674,124.9546338,14928.66801,
139,0.068211318,0.000146591,6.45E-06,0.090791511,0.000114588,0.040759656,5762.78811,5059.523574,63421.87326,40.54899368,14929.4749,
344,0.004606882,0.049685803,0.112816317,0.001414912,0.005833846,0.036089125,483.1232974,401.3123899,2.186910781,3.663288139,14929.53534,
236,0.064162477,0.001295043,0.090599161,0.016424872,3.07E-08,0.040708473,6.342383656,5.584923254,20212.07509,1.00557992,14930.2812,
425,0.01280113,0.051404711,0.100957179,0.002157544,0.019807744,0.023887453,792.9766396,704.9294224,1699.771494,0.032127416,14930.8746,
177,0.022419592,0.017165254,0.120359374,0.025768924,0.017236676,0.025670039,11.77802168,10.22906638,0.077450829,0.004015109,14931.24093,
244,0.054924454,0.015539609,0.00364432,0.087725324,0.046832823,0.00021524,146.961519,129.4372715,4868.838407,0.043154603,14931.65296,
362,0.048162236,0.01432575,0.029736727,0.069589623,6.10E-09,0.041220906,44.2572911,39.7656466,0.275261691,0.000370149,14932.26252,
405,0.015882694,0.034550567,4.31E-06,0.106374295,0.000143235,0.042739093,144340883.9,129049081.9,0.010454008,0.078689986,14932.27646,
367,0.074469841,0.000123323,0.078056264,0.027692841,0.002391162,0.038272272,18.57768469,15.87364404,9.096642186,26.6180965,14932.69198,
6,0.035618696,0.032282958,0.09884384,0.000563131,4.61E-08,0.040969769,522.0067718,466.6433202,5132979.966,1047.028189,14932.74936,
15,0.008959644,0.055894678,0.024275732,0.071590011,0.00457856,0.037848489,58.76965733,53.90500402,2864.693723,0.363021343,14932.80645,
64,0.05866186,0.019871562,8.75E-05,0.091037271,0.050271774,5.41E-08,2308.469987,2013.469997,195338.719,189.9611874,14933.57786,
275,0.072163302,1.80E-05,0.000227678,0.090867478,0.007681028,0.034539444,2425.18404,2142.794542,3905.43776,0.263490163,14936.07246,
216,0.037349804,0.035126305,0.031714369,0.059422666,0.045029441,2.63E-05,7422.832104,6707.256579,0.234397133,0.04655574,14936.40572,
489,0.001401897,0.06220159,0.066515485,0.037222042,0.014726183,0.027732363,89675.53769,85585.20735,0.007008793,0.165786331,14936.59052,
339,0.017171341,0.053935584,0.032979359,0.074334954,0.000204464,0.038646927,3.6962616,3.903663294,13.17802173,33.20869058,14938.52619,
29,0.08206789,0.012611074,0.07740819,0.015938507,1.14E-06,0.040784585,1.57887554,1.489914849,2.171499267,0.284192272,14941.71592,
257,0.064663291,0.001039811,0.108663407,1.27E-06,0.04340994,1.53E-06,349369.5747,313892.5782,33246.0627,7.84E-05,14943.18611,
163,0.063029047,0.007178239,0.018851871,0.077246442,0.000828018,0.037847087,48.67230422,45.39027845,0.011738559,0.562355077,14943.27497,
249,0.062554778,0.023874369,0.016594456,0.04347079,0.012109315,0.039079584,4.369088467,4.010207915,548.8376176,703.4759451,14943.37218,
71,0.000442675,0.050791385,2.59E-05,0.108983339,0.040193752,3.21E-05,7995.578261,7349.039575,66.36929183,133.6435443,14946.42122,
448,0.06645901,0.009378758,0.013540671,0.091790133,0.045998769,8.50E-05,45.82022926,39.88613034,218713.8624,0.001069372,14949.10039,
353,0.001179853,0.032659329,0.134900111,6.27E-06,0.041301707,0.005909781,484.2116841,414.1722101,1573.813027,15.09815473,14949.58323,
274,0.063982711,0.011171369,0.091547936,0.007108862,0.041572269,0.000125422,50.12794546,46.66667055,2.462206171,23.07253178,14951.43338,
392,0.012842345,0.046182808,0.053777637,0.050758894,5.29E-06,0.038583376,6.425360164,5.696173528,4.294502111,21.18355569,14952.17695,
46,0.042677519,0.021589899,0.090971982,0.01827179,0.006175726,0.036216749,31.26785832,26.21483491,0.086284761,2.055964668,14952.96767,
36,0.02903507,0.028863773,1.36E-08,0.083941876,1.08E-12,0.04770736,1017754.736,964882.4552,129678.9857,2.115681928,14955.59399,
376,0.08399055,0.014109847,0.144239833,0.01276998,0.042431121,2.76E-05,3.635804239,2.445082026,4.668177316,6980.172648,14956.7074,
90,0.075419482,2.81E-06,2.11E-05,0.088078497,0.046288688,1.74E-12,2462353263,2134633163,1177474.57,2.62E-12,14957.15725,
421,0.008979792,0.08235259,6.22E-06,0.097667155,0.038456756,3.78E-07,12.03766033,10.95166555,25534.97341,0.631895351,14959.91761,
212,6.24E-05,0.091217112,0.000142438,0.070231395,2.70E-17,0.045744179,3314.635181,2833.393797,190991.7916,232.8567309,14960.77485,
460,0.013861101,0.038825541,0.062148568,0.053249008,0.043116716,6.49E-08,337.3740679,314.6358459,455707.1885,0.013237164,14961.91569,
305,0.00595111,0.046746847,0.037851795,0.097602112,0.035198183,0.000348892,71.75652693,70.45676703,51.07039005,18.14540968,14964.52937,
485,0.021951944,0.051271556,0.02068534,0.068060378,0.055479758,0.003710469,29.83460734,23.80190767,84.7277796,283.144425,14966.05066,
354,0.049958975,0.025708752,0.022789641,0.057655306,0.054182378,0.010915271,0.595519146,0.458864035,3.787769883,130647.1406,14967.71627,
157,0.047813208,0.020395733,0.042266218,0.065995941,6.36E-05,0.040126131,50.39309801,44.0127003,422496.628,0.029685203,14968.96653,
284,0.054275123,0.031638761,0.108539683,0.000393222,0.021890644,0.026705958,47.65518253,40.8442307,0.199354364,4.481827992,14970.50338,
270,0.011349187,0.082897284,0.015451174,0.05649424,0.050461843,0.003453628,35.32581631,32.90636931,11.09445807,21.97743814,14970.79515,
67,0.107433447,3.55E-05,0.086020174,0.000582934,0.046304302,0.008231768,124515.4128,112522.265,5067.13901,1.46E-05,14972.20087,
9,0.020611899,0.030463144,0.083234275,0.03634987,0.013722262,0.031141545,31.09501017,29.16263591,1.116555013,11.44755207,14972.9857,
174,0.062879532,0.048472362,0.417954587,0.011372997,0.181552445,0.010473198,0.541250289,0.118336681,30.65254998,0.444807059,14975.90628,
120,0.003326929,0.063830029,0.008157587,0.076042716,0.023745302,0.022468692,42.16853686,37.27719918,0.388322605,9.481731875,14979.6813,
206,0.023409864,0.043735507,0.102364716,0.005590708,0.037184013,0.009177605,28.90464597,25.30084142,1.295551862,59.82391987,14979.7194,
86,0.035387304,0.017362474,0.094076214,0.002805543,0.048417119,6.72E-05,521.8701724,478.244544,0.194541034,2.524557954,14982.76406,
261,0.047848404,0.046688552,0.012743185,0.080112072,0.053958321,0.000203676,139.8697749,131.5414432,2.114565115,9.645520677,14982.84845,
12,0.050637019,0.017575845,0.067950609,0.035908128,0.030228731,0.016481807,5.306849046,4.833316372,0.272037015,50.9904577,14983.10352,
69,0.043219805,0.029534417,0.012085588,0.086538506,0.004354349,0.040227771,1.418716461,1.476486169,0.11246885,91.54246372,14983.29018,
378,0.028364576,0.00068282,0.015569068,0.094895624,0.041027029,0.005709961,225.2121409,218.2906244,1.121817859,2.815333542,14984.97244,
5,0.01653721,0.062303014,1.29E-05,0.077013446,0.019472817,0.025741063,176.7862994,155.5393743,0.062240975,2.905695551,14985.75192,
14,0.003469683,0.039538952,0.021904003,0.087134865,0.031644672,0.014463035,635.0861894,520.7772818,1.944523096,23.95123316,14988.54695,
235,0.126214251,0.03219125,0.10251289,0.008540209,0.039802648,0.010392898,4.248693518,3.4065837,0.001270118,6.272711473,14988.84524,
373,4.915501314,0.03672875,5.307918662,0.009705278,0.092295611,9.15E-10,0.045841502,0.017300802,424614981.9,12.02567725,14990.20395,
201,0.007365271,0.063257793,0.031696655,0.071154203,1.59E-05,0.039975452,1054.252425,954.0737184,68486458.81,0.031376194,14990.55426,
76,0.002831918,0.063526751,0.085085047,0.016877761,3.66E-05,0.041709847,4193.923801,3737.41521,8079560.052,7.17E-08,14992.52472,
453,0.045140353,0.030949203,4.40E-05,0.089701498,0.047383785,5.35E-11,435134.8916,384413.8727,3.252926925,81.35320831,14995.19087,
422,0.086522806,0.002039312,0.090270041,6.47E-09,0.000684399,0.049634315,18878.99484,17688.51978,1.132761733,20.07478563,14996.13492,
462,0.022843125,0.036086392,0.086347114,0.031126537,0.045958552,0.000126822,154.8271371,136.5152093,7.669692521,236.0216292,15000.64731,
398,0.023318082,0.039168863,0.103295741,0.00803109,0.046539584,0.005567709,7026.50115,5683.402065,0.001883202,0.585592557,15002.92649,
126,0.033440551,0.035050636,3.46E-06,0.088438617,0.033809513,0.010606864,26.51646582,23.3147095,0.028869631,5.641377824,15004.25994,
428,0.029784968,0.064482264,0.014859175,0.050953996,1.31E-05,0.053175534,62.13731022,49.33227485,2020.481251,0.044745737,15005.57184,
52,0.005500403,0.069110672,0.105831723,0.0043977,0.050989352,0.000148473,7432.362581,6810.972372,0.027506715,0.32090442,15006.3699,
101,0.586257139,0.03421352,0.754789102,0.071093911,0.033646804,6.39E-09,0.005016265,0.016472395,149253096.8,428468.6156,15014.22572,
195,0.00075412,0.05546327,0.089796505,0.026560058,0.044539174,4.23E-06,27.48305843,24.5422687,3.908121325,289.774558,15015.36444,
127,0.02142584,0.003528443,0.099130963,0.03472389,0.047940034,8.43E-05,4586.670342,3957.684868,0.644376963,3.566761021,15025.05263,
278,0.02599877,0.059717411,0.067001778,0.038016968,0.001001835,0.042553899,0.767666479,0.783028422,5.327770104,297.0826367,15029.3228,
280,0.065142172,0.001071824,0.000100431,0.096883079,0.050368246,0.004838339,58.5008014,55.31991594,27.27659991,2515.714246,15041.25516,
413,0.10793018,0.04618725,0.114381972,0.000942502,0.073205438,0.001105405,4.816848458,3.222966764,0.142701424,53.5418472,15044.77732,
304,0.092244172,0.00435469,0.000722966,0.098856115,0.034507901,0.001309584,32.07095353,30.55118589,5981.178385,571102.0183,15053.90959,
384,6.26E-05,0.067044053,0.464162218,0.038861177,0.063843739,0.000838941,0.796387176,0.303930214,13011575.67,0.04034999,15061.44091,
28,0.139355248,0.050866407,0.048305084,0.005021167,0.047392552,0.006764118,7.259685383,6.035394713,226.8516943,0.037991623,15061.66877,
269,0.096739863,0.053966541,0.062290127,0.000294108,0.054799078,2.20E-05,39.00555222,32.45889861,0.719370874,5.049921506,15064.88302,
400,9.667467121,0.146849793,10.55847081,0.052880943,0.031042866,0.006624317,0.002520483,0.0050387,464.8859076,1.648692902,15066.89324,
56,0.042217721,0.1394761,0.037816993,0.080752362,1.13E-08,0.043560649,2018598.106,2097348.242,2.38E-08,0.036215211,15074.19616,
197,0.028438151,0.044183619,0.100767429,0.007902118,0.000396857,0.039553611,7053.401089,6229.022199,0.003069297,167.6463937,15088.72741,
468,0.002529521,0.147278415,0.001440344,0.134016314,0.036770852,0.000215539,0.387543622,0.374871742,0.390253221,660.450943,15095.74187,
332,0.009083194,0.126645952,0.024363553,0.092462143,0.064944025,0.005099159,11.78191036,11.96721798,180.4614154,127.5369735,15099.20644,
348,0.050192458,0.016781832,0.026028131,0.090372084,3.10E-05,0.050500251,105.0926765,98.58743284,2.136646957,1361.701312,15104.12458,
172,0.070397136,0.057085093,0.000115844,0.073867948,0.043516671,0.017245871,2.316548525,1.8884056,0.622893667,920.9053011,15109.30787,
435,0.005946922,0.000866974,0.039114166,0.118844685,0.027797048,0.011707618,29.98826968,29.97649405,15622.02453,81.38324477,15111.86318,
124,55.7254012,0.029061031,61.40860335,0.026499058,0.100512753,0.000303672,0.025162202,0.014676856,1180001.14,0.012394802,15125.30949,
106,0.253554913,0.001979984,0.490006455,0.00060454,0.064913915,0.00877016,2.312251464,0.814609326,41.91380835,263.940853,15126.15199,
44,0.07784168,0.056124318,0.066043996,0.000154,0.054683232,0.002087521,176.2204739,169.7050529,0.297528429,33.2848187,15129.38412,
440,27.81608357,0.015036657,30.21260656,0.029826166,0.045924537,0.000497066,0.004055168,0.028362003,1122.025445,95.3821342,15140.67529,
16,0.025449021,0.097736633,0.003604051,0.07203059,0.05137815,9.53E-06,13624.14902,13378.52677,0.020357877,9.238033434,15140.8629,
415,0.035015806,0.010749011,0.000443921,0.08996253,0.024909611,5.13E-09,160.6738841,167.804153,89678322757,3.092625791,15148.90895,
475,0.033532974,0.039691487,0.002369079,0.10262646,5.24E-20,0.053798278,0.31055056,0.356684608,1.86E-09,12235.72839,15165.41454,
306,0.115016415,0.909661705,0.127583039,0.931558788,0.036803567,0.030928723,0.009699117,0.002299218,23.57276793,1176.358519,15173.12118,
262,0.006143654,0.076987027,0.091172187,0.011417322,0.000786758,0.04015854,34.84631461,32.56481825,0.360070892,11391.49073,15174.08671,
494,0.226781031,0.003305392,0.023982909,0.151251946,0.007648476,0.031672835,83648.25409,62258.33986,0.76544001,0.00118856,15184.09849,
357,0.002786413,0.202916657,0.176087005,0.001615376,0.039128179,2.04E-05,44.36400674,40.22063722,94.50640109,711.7383278,15185.32492,
111,0.166508891,0.008548195,0.000728196,0.044765714,0.047827553,0.003530615,109.9710373,105.7939038,20.58172368,347.1119383,15187.43415,
186,0.026469482,0.059068199,0.123553336,0.036539112,0.053599866,3.47E-06,2.586855948,1.864697348,584.0426962,276080475,15188.1053,
156,0.040976088,0.033359854,0.002207938,0.094550638,0.011733517,0.030987345,464.5864659,422.403692,0.009778222,8044.832351,15201.17239,
162,0.026678739,0.153269932,0.002297184,0.026553946,3.70E-05,0.0412038,2.753596112,2.203624801,518.3223189,1.048077225,15224.46019,
366,0.007933188,0.076385816,2.75E-06,0.113381272,0.006702702,0.041126978,2.223094368,2.370948643,0.139778135,1057754.921,15234.10107,
495,0.002351995,0.059540469,0.07259804,0.062619795,0.000107832,0.048872635,8.148901107,8.726036654,0.360819413,89566.83363,15279.12246,
327,0.011567845,0.226221372,0.01652504,0.214183632,0.045017766,1.41E-09,0.064942816,0.051855179,0.000243464,3255.268404,15296.67719,
412,0.066684745,0.006524624,0.011381505,0.10200958,0.019781385,0.026308661,428.4856433,399.6498676,0.035809535,169682.0359,15296.94868,
41,0.058394589,0.663879571,0.000263081,0.540633553,0.028477665,0.007835673,0.038699686,0.0007621,433591644.5,2603.576686,15341.42571,
136,0.111844537,0.000505704,0.028344926,0.272865069,0.000785511,0.033956052,77316.93246,114210.1977,0.176976755,0.068612762,15355.72491,
168,0.008896205,0.193709853,0.202465394,0.009326374,0.00015986,0.049893748,7.053453993,5.130550704,62.02634307,8991.11733,15383.90419,
282,0.005780704,0.052881015,0.136944805,9.37E-06,0.025107635,2.88E-06,1.677049905,3.263964494,3.05122E+14,0.138974833,15394.68379,
151,0.245655377,0.000338181,0.066125721,0.021552727,0.068302337,0.04850073,0.234181941,0.013052545,1.12039E+15,3.99E-08,15433.92906,
196,0.142913106,0.079668115,4.67E-05,0.070563644,0.05596892,7.74E-11,2.34876979,1.857307545,0.00149864,9678.735234,15466.4306,
79,0.098663582,0.060532978,0.059245918,0.048150175,0.053959023,5.13E-05,4.312047134,3.526865156,0.002920426,1701519.483,15485.08418,
279,0.009482251,0.28076038,0.178167713,0.165985529,0.069545771,0.000576716,0.61533233,0.217477331,1744.17512,427.7696051,15491.84007,
108,0.23853913,0.050133561,0.163151161,0.002891624,0.075694566,0.022981538,1.006080045,1.048963309,16.30276742,159.4858242,15520.26828,
115,0.048062693,0.08016341,0.226067226,3.30E-08,0.126206025,5.98E-06,1486595240,945647931.6,0.111372342,1.351989992,15543.26006,
82,6.78E-09,0.223174614,1.31E-09,0.579917256,0.005535492,0.01770339,0.263886685,0.710127989,473.6712656,50321.82226,15599.72138,
277,0.294575089,0.003940529,0.164600703,0.041098957,2.23E-08,0.042591156,903.7356786,586.8703785,7.81E-06,89583.56415,15621.84414,
220,0.323783584,0.000716638,0.125585348,0.159250982,0.000478526,0.075167335,10590.0197,11182.19775,3.019611145,0.970250817,15649.81749,
461,0.024798222,0.347055955,0.089333986,0.257303164,0.034153412,0.001910034,3.414438141,2.626249135,0.395977388,43.22556643,15658.58919,
233,0.334166491,0.048970313,0.278923159,0.040576629,5.79E-05,0.066657259,164.175087,183.7966913,0.994295518,0.544310762,15708.07406,
477,0.106387046,0.234028289,0.063851737,0.062756753,4.02E-07,0.05305995,97.4793033,213.4213187,185434.6637,160307.2379,15732.21456,
243,0.95798378,0.006943565,0.714574713,0.039535621,0.010956717,0.013629613,1.962468123,1.032433112,14.8881823,14.69605259,15758.38267,
57,0.251706869,0.001594933,4.64E-07,0.340090339,2.76E-06,0.042666308,9680998826,14825166287,18.33992904,44499.7351,15760.11951,
203,0.45730373,0.000730779,0.004514615,0.109089311,0.081390928,7.51E-05,143587.21,45142.7307,7897127320,6.44117476,15818.4473,
451,0.596913873,0.045841555,0.572952241,0.002339077,0.130876002,8.87E-09,7.082478661,2.295104349,1347824447,0.000544752,15921.34832,
38,5.68E-05,0.11779398,0.196928008,0.03837441,0.028873145,6.40E-07,48.94043057,50.74899557,0.00012932,3618321536,15955.09818,
427,0.335522188,0.056113442,0.077586954,0.215748505,0.002527183,0.077225721,122.056213,205.9738814,204.6149595,2.485167609,15987.48305,
150,0.416242348,0.221205345,0.000358102,0.453271565,0.035997171,0.015079005,401.7948196,396.6456419,0.279846135,0.211214566,15990.49613,
293,0.040748585,0.827610516,0.036985777,0.518691169,0.009477146,0.068631267,2.155528487,4.444968677,26.13414784,0.193674447,16237.56367,
441,0.148115364,0.704800579,0.040247336,0.700803924,0.033544602,0.010808819,3.237926765,2.610712776,0.061747383,9.190301478,16334.8013,
326,0.075600615,7.008457041,0.066319776,7.464431312,0.024535396,0.030534141,0.008603637,0.019697777,0.131729581,0.024708339,16349.68723,
178,0.511807997,0.195848036,0.183849919,0.577088646,0.028830655,0.043536441,1.113335872,0.98919308,13.61534121,4.62469446,16432.3017,
381,0.119049985,12.34787561,0.003845992,13.17277077,0.032872279,0.005068673,0.016354029,0.01353896,19.33351354,105.5754778,16467.64947,
245,3.758832434,0.054483558,4.465607163,0.026492493,0.146215673,0.006907627,0.354874057,0.036223351,0.034616218,11773.61193,16510.85219,
20,1.383826212,0.073282435,1.300141175,0.077641109,0.036382158,0.017419159,9.586798978,3.510019953,1.466340322,0.635443509,16599.57087,
130,0.643913052,0.449393272,1.151403066,0.210971262,0.014325521,0.019072708,3.507711785,1.783049865,12.40699337,1.592245524,16648.10614,
225,0.006287353,1.099291894,0.057395069,0.63695182,0.002162936,0.055482609,35.90819056,70.55888209,0.003068444,3829.176535,16690.79143,
55,0.041371634,24.24044555,0.000150185,25.69460651,0.019987931,3.23E-06,0.048553809,0.046009833,97.51596593,0.48675763,16725.6903,
431,1.481663159,0.793880069,1.722776879,0.643125173,0.051831059,0.026666496,0.748656673,0.37719664,4.914542152,0.535050961,17334.95442,
138,5.041766097,0.106328538,5.680558235,0.005617726,0.070946823,0.027999131,3.194049254,1.070899632,1.238168319,0.531328197,17799.88817,
342,5.540743131,0.108017012,3.605271296,1.553932479,0.019131483,0.016986671,11.71106887,7.727133528,2.85477258,0.068118824,18068.66627,