OptimNumber,lambda0,lambda1,mu0,mu1,rho,q01,q10,e0,e1,nloglike,Comments
371,0.208748616,5.50E-12,0.135904682,3.38E-08,0.021017638,831945952.4,568885887,9.69551E+16,0.013643233,-257.1672287,No convergece
384,0.095091237,4.83E-12,0.121455282,5.01E-07,0.011004385,1.56617E+16,1.48081E+16,1.052604875,2.27E-16,2513.262134,No convergece
136,0.082394414,0.010516682,0.113450749,0.025961863,0.020513114,0.012812792,0.006351607,2939.515144,349.28132,13169.4137,Close to MLE
279,0.085670309,0.011530378,0.111273713,0.024920427,0.020642731,0.012324612,0.005905054,70.02566745,23.8463949,13170.64755,
115,0.090601876,0.012381345,0.112472135,0.024375308,0.020800526,0.012871644,0.005870254,177.0928516,8.372542821,13171.37887,
71,0.086833709,0.007622312,0.120176793,0.026457577,0.020729592,0.012518205,0.0061639,156.7309676,31.72017537,13172.62186,
162,0.088005494,0.010361811,0.115504922,0.025309261,0.020559028,0.012477483,0.006186397,185.5458059,1.647971072,13173.88436,
477,0.072613484,0.010775684,0.121783115,0.026113447,0.020678161,0.013067494,0.005576032,364.2024486,142.6590586,13174.87561,
76,0.076224039,0.011550649,0.111309922,0.0265471,0.020885476,0.012747012,0.005927087,90.70817047,61.21988573,13175.79129,
182,0.063809856,0.00945008,0.122304496,0.024393107,0.018492038,0.013809965,0.007738492,26.0148951,1.074205744,13183.89455,
54,0.101588132,0.011579066,0.118879301,0.024123741,0.020185482,0.01363909,0.003487241,787.3054278,80.52635867,13187.35623,
35,0.083971295,0.015363618,0.120644826,0.017217895,0.019587825,0.013210894,0.00655697,2521.465521,90.77965586,13188.57046,
85,0.112107596,0.008600557,0.116256363,0.025479363,0.020681624,0.013467291,0.004541341,408.158027,2.182386644,13188.92403,
12,0.085887363,0.019163561,0.094979188,0.01795659,0.02171224,0.013426177,0.00563348,82.04108736,8.81244644,13191.67121,
306,0.099564417,0.017631456,0.093046416,0.019798528,0.023781001,0.012380095,0.005738937,52.88172073,0.962002606,13194.3827,
200,0.090264061,0.005539675,0.110317343,0.030354732,0.020717929,0.013520223,0.006089514,8678.246134,24.77086047,13194.72912,
396,0.070534625,0.017309672,0.097840384,0.021295142,0.021023186,0.012550315,0.005144963,7073.557495,9.387414182,13196.42691,
238,0.075430239,0.011205503,0.105479999,0.026011938,0.020239689,0.013692315,0.005925258,30827.25092,1.074307631,13197.18585,
492,0.041471771,0.008656394,0.112810264,0.026905251,0.019524208,0.012476463,0.007638714,671.412565,54.67505119,13200.5901,
157,0.047850905,0.014249976,0.101196113,0.024920251,0.021819019,0.011364764,0.007638793,71635.25703,301.4514887,13200.7289,
434,0.079886021,0.006749043,0.116717128,0.029068915,0.020158208,0.011581471,0.00790364,5862.090025,2.130418338,13202.17209,
287,0.233442176,0.004343962,0.266159289,0.004430988,0.017052982,0.027558795,0.014664667,13.09225323,1.690191426,13203.73568,
89,0.071390525,0.007266869,0.111182697,0.034877101,0.020973707,0.012150097,0.003128589,1857.276279,48.63783314,13206.4403,
299,0.056338577,0.016456546,0.091016209,0.026375731,0.020561238,0.012431207,0.006373314,7135.150308,0.00301529,13207.10719,
266,0.23187634,0.003280362,0.269694047,0.00320659,0.016268574,0.029303039,0.015740614,1249.113745,53.78575586,13207.24446,
345,0.26377643,0.002048183,0.273632762,0.004543729,0.016349703,0.029202973,0.015034336,81.75270146,2.629672973,13207.63246,
242,0.136652415,0.002748758,0.17658589,0.022572346,0.019252885,0.015233916,0.008224206,11423.82421,525.3625124,13210.39527,
468,0.111872453,0.022512938,0.113395678,0.017906179,0.023264311,0.014964119,0.005916005,2711.350617,588.1430169,13210.62755,
369,0.095060707,0.018929567,0.111642465,0.027647631,0.021079033,0.009422773,0.00647497,13066.09561,4.691330677,13210.87256,
1,0.127287873,0.004143991,0.157492052,0.01952664,0.020760785,0.017612273,0.009163888,675.6166057,894.8529194,13212.16311,
24,0.173925581,0.005395781,0.176465239,0.015740542,0.017755308,0.017874348,0.007494655,1740.083985,18.90671431,13212.16388,
79,0.160710923,0.006960777,0.158922985,0.021767181,0.020500441,0.016226506,0.006527569,26.70790764,44.16119356,13214.99819,
179,0.215467959,0.003547775,0.247839259,0.00803886,0.01717563,0.025033229,0.013146927,1229.391385,2.267819421,13215.66786,
364,0.205985728,0.005256271,0.232630029,0.006393938,0.017492582,0.024247463,0.013049254,710.9636427,0.915666238,13217.19306,
355,0.164443422,0.002361326,0.234435187,0.005041718,0.016693245,0.026106427,0.010145138,24.2274559,2.047696691,13217.699,
110,0.201959073,0.000382898,0.241700512,0.004037676,0.017278234,0.031159876,0.016075273,19.86640964,7.255507263,13220.09358,
300,0.085772928,0.012406986,0.090359084,0.021096972,0.022291356,0.015117718,0.005608613,1078342.253,5.065779349,13221.84267,
386,0.235191605,0.001182444,0.274879724,0.004489473,0.016172935,0.028417779,0.016492025,2.417640673,4.401615655,13222.8358,
113,0.243232368,0.000142977,0.249135015,0.008543616,0.016670691,0.027018794,0.014256148,3.995749125,0.010338186,13223.93496,
388,0.098981893,0.003412843,0.113672894,0.022061021,0.019444132,0.016756255,0.008800346,488535.9683,117.3146867,13224.92804,
329,0.046176079,0.017743994,0.095702582,0.025716492,0.021400251,0.012816206,0.004663683,60471.76163,0.794175334,13225.63223,
460,0.233940664,0.0065487,0.245876711,0.004173622,0.017448663,0.02599812,0.013003464,2341.065527,3.285234372,13226.55966,
57,0.113562924,0.01033807,0.121229922,0.028663002,0.01464796,0.010330938,0.004813355,2.170244716,1.117264621,13228.75014,
121,0.300175194,0.000137283,0.328306381,0.005653771,0.016643897,0.031692225,0.021172996,4.751007544,0.043142592,13234.3532,
131,0.269447981,0.003520587,0.295343047,0.002558704,0.017210236,0.028989391,0.01632143,8.452829309,22.88515615,13236.74786,
263,0.210563341,0.002718703,0.250922336,0.001501374,0.016222668,0.031758425,0.017004266,10378.54016,0.142720749,13238.1768,
332,0.28162779,0.005405289,0.313092307,0.00380811,0.013868087,0.026994378,0.010314108,119.8012276,69.5922732,13238.50614,
229,0.15759352,0.002851866,0.189181498,0.009244133,0.017072931,0.02463754,0.008676522,68998.71628,13.71639213,13239.50325,
248,0.147632142,0.007106535,0.166815617,0.019886852,0.019358352,0.015026784,0.007682631,9041183.576,0.078507687,13241.72288,
41,0.128313566,0.015599598,0.128525059,0.027930372,0.02074789,0.005932585,0.007021648,1073.956838,389.313973,13241.94471,
310,0.224332698,9.75E-08,0.266546972,0.006173384,0.015319998,0.028006597,0.013702996,1921.579027,827.8205038,13247.49516,
218,0.22385108,0.003626351,0.267644947,0.000155223,0.017560642,0.034690514,0.020684196,1494.454378,100.9015326,13248.67922,
68,0.232757527,0.002800208,0.271289776,0.000156856,0.016117926,0.037606417,0.020093048,197.6118833,2.601468267,13248.81763,
281,0.271944648,0.000129955,0.287597798,0.000782441,0.016048846,0.036086566,0.021689481,623.4148551,227.6155629,13249.26954,
412,0.293252949,0.004756564,0.300938487,0.00382202,0.017140989,0.029666383,0.015515019,2.893125694,13.16788623,13249.33758,
350,0.23823215,0.000476446,0.279460189,0.004587106,0.014734878,0.029736046,0.014987456,354.4482962,1530.845623,13251.1265,
205,0.150778272,0.000494886,0.141324969,0.024969127,0.019935493,0.017331639,0.005840523,5729.348624,5061.915747,13252.52948,
309,0.176754072,0.002275013,0.207155472,0.004576919,0.017180672,0.032817827,0.014863038,271690.7143,0.664137939,13253.03835,
249,0.045478831,0.007431076,0.083252557,0.028216738,0.022642021,0.017175477,0.003648804,1629894.855,10.984507,13254.7298,
444,0.141008184,0.008512172,0.148093641,0.018663869,0.018525511,0.012328369,0.012002561,31224.56834,0.000895117,13255.02701,
314,0.209892463,0.002423028,0.259623625,4.46E-18,0.015620453,0.036415106,0.019653339,589048.1043,132851.7483,13258.94924,
352,0.159653993,0.000654853,0.23384909,0.002267617,0.016513764,0.033049448,0.020686591,99677639.04,899.102954,13261.48112,
481,0.24093492,0.003563831,0.280252652,1.73E-08,0.015924447,0.035251423,0.018941257,29168.62704,5304.647222,13261.55727,
325,0.344754393,0.001155599,0.338087719,0.005543157,0.016941224,0.032570664,0.013489141,11.77238805,35.01315126,13262.50911,
464,0.176264066,5.39E-06,0.208290428,0.0156093,0.016911473,0.020491672,0.012887096,394.3588697,16.91733654,13266.2275,
50,0.144192635,6.02E-05,0.190935703,0.012100107,0.017731205,0.025113239,0.015614457,185391.2143,111.1237587,13268.41687,
69,0.102033547,0.008787608,0.157286552,0.022628592,0.015356487,0.016940366,0.015145425,79.66043859,1.049647819,13270.29791,
58,0.19920758,0.013239814,0.191307366,0.007854789,0.016632768,0.024134249,0.009851682,6.86053055,22.0294575,13270.95126,
402,0.17976777,0.010742721,0.215044373,0.001501268,0.019191563,0.028495296,0.009278041,5.947634122,3.226069139,13272.16753,
6,0.042719435,0.012142728,0.119158046,0.020840541,0.015460995,0.012079221,0.005029616,54.67741086,227.2861526,13274.17474,
365,0.277119054,0.00515478,0.295007914,0.001150214,0.016149048,0.031558062,0.017142428,3331543.838,0.054484014,13274.97648,
401,0.037291956,0.01724176,0.125058218,0.016710382,0.022853528,0.014600849,0.007961659,1397608.556,0.229315038,13275.23298,
175,0.243019866,0.002819606,0.278506211,1.67E-05,0.016550017,0.03534409,0.021297301,6351.030966,0.130784191,13278.75358,
391,0.036537774,0.015562225,0.078596802,0.047908377,0.018287358,0.013040351,0.004892166,372.3420443,2.816016078,13280.11977,
290,0.16589588,0.014950957,0.172814696,0.007820047,0.017831786,0.018084258,0.013996464,3845757.498,85.34720342,13283.35287,
81,0.069798477,0.000401365,0.076835085,0.028813315,0.023050841,0.017868783,0.003952632,43242.35098,11020.95832,13284.17461,
169,0.098606367,1.30E-05,0.143379416,0.032175544,0.018816546,0.014229288,0.00822156,204.4221529,6.358599364,13287.47951,
387,0.099668967,9.93E-05,0.189014573,0.004678969,0.018059894,0.031114576,0.012057521,124.1683995,0.040279966,13287.69541,
377,0.249371143,8.95E-07,0.296232391,0.005252765,0.016705803,0.030762918,0.020814327,1959348.122,2.439266728,13287.71478,
72,0.182908742,0.000380775,0.266361708,0.001828363,0.017007946,0.035293137,0.019511792,589840329.8,6.572622213,13290.80497,
192,0.059371064,0.001498244,0.116927592,0.034365466,0.020869672,0.008919099,0.010226439,5239.235173,2.06157342,13292.41218,
395,0.158473334,0.01740469,0.191427746,0.001549694,0.018955997,0.017922345,0.012876621,113.8689854,108.9053202,13293.72794,
44,0.011217434,0.011585148,0.108218498,0.024130769,0.023097405,0.017718262,0.008573695,412.6503961,18.39065301,13294.29336,
366,0.174905079,0.019307218,0.20381832,0.004689068,0.022625544,0.013544246,0.012223515,2519.07257,671.5517299,13294.61807,
168,0.212550009,0.003578427,0.25526568,5.71E-05,0.012537148,0.032682471,0.021142406,15559.8362,0.002117894,13298.47857,
78,0.275237162,0.007647214,0.34886947,0.001553843,0.017611405,0.025439936,0.01968525,49002.76707,0.040745442,13298.76114,
61,0.046216727,0.027757047,0.090537797,0.022405022,0.024232324,0.005070419,0.00709955,14.01757513,22.3025958,13302.4847,
180,0.038555863,0.004602471,0.093878286,0.038482536,0.024166897,0.014322331,0.011070076,1905609.287,9.830243672,13308.63576,
32,0.104645684,0.029162609,0.077082169,0.025812292,0.022304611,0.01712154,0.001515934,408.9592736,592.1936745,13309.99485,
8,0.602232693,0.000911919,0.61534055,0.003645569,0.017746115,0.027581632,0.016010876,295.7059807,23.37700797,13310.57961,
288,0.130980279,0.001297195,0.286997543,0.002042278,0.016278609,0.044946861,0.018755259,30240.59741,0.047129573,13311.45401,
361,0.098088801,3.40E-05,0.151204174,0.026367546,0.019979499,0.020157456,0.006926108,987565.0316,8.288863125,13311.47849,
315,0.067426538,0.010229622,0.119622122,0.022733256,0.022445707,0.012075907,0.007005762,26.51597763,4899.840472,13312.30063,
276,0.268126495,0.000144377,0.307006,2.25E-05,0.015476786,0.037608075,0.023396075,6921570.475,8.943099683,13315.98672,
414,0.232294041,4.56E-05,0.282144739,1.89E-06,0.015039782,0.039499922,0.025004113,394792.6519,0.782525209,13317.06613,
489,0.259882133,1.20E-07,0.294261851,1.27E-09,0.015172047,0.041031974,0.024506984,6508.257777,19140.9268,13318.85413,
331,0.042462182,0.010232086,0.16272763,0.00776427,0.015438148,0.018739825,0.01111903,276293.592,129.2814001,13320.52913,
354,0.039263054,0.008553629,0.200093087,0.004248357,0.019844566,0.029934468,0.016492325,26608.09355,160.1738013,13326.03347,
499,0.142844979,1.57E-05,0.179281538,0.018860062,0.018975875,0.021486061,0.010457779,302.182883,5035.102793,13328.95505,
334,0.057412849,3.93E-05,0.20356793,0.005194937,0.017671846,0.034909844,0.020686998,18.15841036,0.057784497,13335.82563,
166,0.209424997,5.17E-07,0.262843212,1.55E-07,0.015785089,0.041903193,0.026009928,113737424.3,17.51517789,13339.63101,
475,0.102157411,0.002919444,0.175901618,4.90E-09,0.022196399,0.037512117,0.017805626,7.07E-09,0.194003642,13344.01693,
425,0.087049798,0.018652672,0.074801648,0.030891641,0.019685328,0.003120484,0.009291328,4015.066709,351.8546968,13345.86405,
490,0.212700557,0.016671936,0.240261951,0.010731497,0.019921107,0.010225454,0.012279358,17799349.4,7.447006155,13347.62971,
466,0.042177602,0.001400968,0.241696423,0.007949736,0.018220437,0.028510112,0.013512542,23180.46902,58.33926086,13347.87034,
231,0.081703144,0.001597654,0.22634134,3.69E-06,0.016283469,0.044607378,0.033711123,9792.479953,107.9862758,13355.24185,
470,0.858844814,0.002937021,0.879538873,0.006900291,0.013026667,0.026834447,0.014206892,15.96429822,4.46706265,13358.67371,
139,0.217759301,0.018576006,1.83E-07,0.123032547,0.049385891,0.005761263,0.007499006,2.74724E+15,3869.318956,13359.56141,
211,0.176787116,0.000571098,0.215247572,0.015800897,0.020145152,0.022174193,0.016752691,0.684518527,66.05192971,13360.90531,
419,0.301462701,0.005415323,0.349783399,0.000560363,0.015280972,0.028246565,0.015107817,10.65065462,964.6684235,13363.47082,
339,0.009475986,0.010767501,0.132558069,0.022459635,0.019219964,0.011690663,0.009963175,225.863264,2187.900097,13364.19851,
176,0.125221469,0.005005734,0.192505779,2.05E-05,0.012811831,0.054044256,0.030071533,36619.88308,2.751812796,13376.05657,
333,0.003426422,0.017929231,0.156599681,0.024728883,0.019699392,0.014469625,0.005520828,106348.7345,11.08918573,13378.8185,
34,0.34494121,0.009805228,0.374473246,0.00127794,0.016365153,0.025144975,0.013081689,183.1703126,18666.12739,13385.72557,
111,0.175231849,0.000270566,0.243284552,2.05E-05,0.018039802,0.046361085,0.027518043,26098.44974,1986190.257,13390.56702,
45,0.254962097,4.34E-05,0.155832635,0.017115817,0.020434867,0.024916264,0.020306945,428349658,1887.999988,13401.99322,
400,0.197149215,0.018049913,0.248534385,0.003621708,0.024168176,0.035336934,0.01762815,40524930.65,8.25E-05,13403.76091,
457,0.004369178,0.00735947,0.286766712,0.008733801,0.019835872,0.023920129,0.011439278,915.2366861,47.13608369,13404.24427,
301,0.081040325,0.031989111,0.125840935,0.000829616,0.021051838,0.019182066,0.005375791,57209199.7,276.6259522,13408.74952,
27,0.059782649,0.052035339,0.055343899,0.028481578,0.019178291,0.011959584,0.002863772,9053553.891,0.007341911,13412.26724,
165,0.000184951,0.014579067,0.15028797,0.024576861,0.020852307,0.013157475,0.005006867,13157.61892,15.42294363,13412.4423,
260,0.298341728,0.003720688,0.375478023,7.92E-07,0.01422967,0.041125558,0.023023799,136.8704965,26643.01464,13421.39967,
433,0.254334695,8.88E-09,0.264289934,6.18E-06,0.023289117,0.070485286,0.036410878,3.02089E+14,7.95E-09,13433.2073,
473,0.020256313,0.047181561,0.122437998,0.015306878,0.02458659,0.015463808,0.003236276,594.1554814,2.426624592,13435.09009,
154,0.00670508,0.0232761,0.147389585,0.005356435,0.019113067,0.018618258,0.006988761,49981.45058,5.79E-05,13438.70463,
207,9.48E-05,0.006810138,0.281205328,0.003988546,0.01744247,0.026784722,0.014483912,84290.97292,1998.830416,13439.80836,
298,0.708633761,0.011957054,0.664400403,0.001351584,0.014275689,0.025034675,0.006531149,1181.480938,1002.843503,13440.98626,
495,0.081937774,0.003176076,0.052995809,0.031337995,0.026919591,0.015738202,0.018750479,187541.5248,0.009693963,13445.52651,
357,0.02005273,0.003575356,0.186487821,2.25E-08,0.017434906,0.032692497,0.016733622,35851.92953,0.003805104,13452.80999,
66,0.066543987,0.042726085,0.102698457,0.046931025,0.017849384,0.010780977,0.003345863,31.64099138,4931.268131,13455.45752,
463,0.26006944,0.012263249,0.255697883,0.02138396,0.015415979,0.01537583,0.000427776,1836.921286,2.44E-08,13455.53646,
398,0.183379562,0.002960563,0.195331071,0.016135457,0.017357835,0.019715874,0.010876908,0.116299041,3507.71517,13455.68108,
247,0.002429988,0.032226528,0.151387474,0.011797416,0.02052616,0.012660135,0.003932174,2878.482205,12.10157555,13457.26401,
117,0.037130326,0.000100963,0.043943106,0.035681252,0.025973303,0.018260129,0.004899819,217850163.7,21.84968863,13478.34574,
15,0.005279363,0.000449802,0.228165261,0.003931,0.020607608,0.037824042,0.02231369,534.9825444,103.5341599,13484.76941,
160,0.000707774,0.00741014,0.289334291,9.93E-06,0.01741462,0.032983937,0.018150119,392.4702779,14.95829502,13490.2969,
222,0.001670264,0.006181509,0.268166006,0.00040684,0.018966152,0.034344678,0.023786336,5178.791064,11.51845027,13491.6405,
133,0.000115224,0.006045131,0.290016449,0.000108697,0.016411444,0.035079677,0.016346125,109698.4402,50224.05893,13491.96853,
358,0.271979462,0.003344967,0.266844864,0.006640899,0.018281525,0.036277803,0.025561805,0.340025811,4210.832908,13494.63996,
393,0.000622287,0.015922433,0.184595629,0.000854782,0.019973465,0.029680579,0.014664556,4224.664819,204.0042709,13496.57943,
102,0.161247789,0.000947915,0.191663631,3.11E-06,0.016818295,0.047352258,0.028763298,655.6181347,1701494.663,13498.96909,
140,0.311711199,0.000350931,0.271702307,0.005159132,0.006776271,0.02858958,0.018403516,100.1954352,2635.58265,13500.54127,
410,0.003382587,0.0010796,0.301983379,0.00139672,0.01496026,0.047065823,0.023842822,40451.27387,149.103294,13504.30415,
272,0.012364232,0.018718755,0.130693753,0.018409177,0.020941931,0.009213399,0.012291349,8.979801024,3753.532639,13504.72793,
56,0.000493075,0.021466275,0.117763009,0.040243169,0.015214487,0.010062105,0.008733835,6056179.536,20.77304608,13505.45087,
254,0.034032581,0.038605068,0.122745946,0.000160639,0.02100004,0.007868206,0.010673579,3170.029206,200.5557203,13508.08347,
75,1.552442637,0.002518722,1.546277046,0.007050049,0.010516977,0.020685974,0.021191573,9.605457757,0.957760282,13509.51817,
253,0.137285011,0.027653085,0.015096143,0.013776769,0.026613649,0.010577925,0.0042874,4.263760064,0.625085974,13513.18566,
265,1.11587728,0.006190798,1.091169887,0.003891979,0.011579414,0.031664175,0.019615996,5.936840058,225.7734067,13514.93386,
394,0.754680116,0.022061197,0.828859113,0.004752522,0.015958921,0.027704413,0.016181962,684.3909907,0.003974783,13516.40432,
462,0.102641537,0.01228914,0.207696871,1.80E-05,0.013239361,0.015497353,0.02169188,280473.5439,14.45527156,13519.46415,
90,0.889672468,3.49E-05,0.94724995,0.015242384,0.014779301,0.029851435,0.01735405,27674356.52,2.62E-05,13519.80627,
138,0.223664815,3.72E-06,0.224191908,0.015499775,0.01793278,0.02518988,0.013580965,0.015809476,3043.026272,13520.41374,
372,0.094977535,0.028996849,0.182193732,0.000132771,0.024207273,0.031560341,0.011016998,191.8317704,6504.051553,13520.41675,
9,0.000390336,0.008110403,0.30315044,0.000456762,0.017676246,0.036102102,0.018304875,23675333.69,2.548486758,13527.48529,
108,0.083295206,0.024239241,0.087667314,0.02205031,0.021522543,0.000544059,0.011397925,3104.983419,30.3498793,13529.99163,
219,0.895508791,4.76E-05,0.932077968,0.001015007,0.006380526,0.053217456,0.024837915,2954419.969,2809640.941,13531.11359,
70,0.003098476,0.01441065,0.131087122,0.002217911,0.029790574,0.024951736,0.014272168,67.62320503,0.020585036,13533.24042,
97,0.062398237,2.63E-06,0.092687063,0.02653371,0.036752901,0.028375144,0.003399942,0.149476504,3.96E-21,13534.67901,
308,0.000223999,0.008355351,0.282703061,1.39E-05,0.016574982,0.0353993,0.015756667,2459.019521,9779.882435,13535.05649,
302,0.000334697,0.013104696,0.262937143,0.005165209,0.020287148,0.024415339,0.014650437,141248.4929,4288978.615,13538.04237,
437,0.000456827,0.007397762,0.287933204,4.39E-09,0.016827701,0.031805369,0.018171553,62499776.94,18.96088118,13541.39614,
447,0.149820821,0.025624485,0.015897336,0.010445673,0.024661005,0.020446623,0.008941252,26138.22157,6906.001558,13547.59082,
413,0.004000686,0.006207045,0.300781617,0.000230457,0.015514576,0.030316298,0.021651136,136.7628054,4310.514944,13554.60483,
430,0.138495071,5.02E-05,0.210694388,0.00190641,0.019428961,0.027667515,0.001593906,28237.57992,6.78E-05,13556.50701,
452,0.05018293,0.022531771,0.11166309,0.023920399,0.022603225,0.014877704,0.00536208,10.38601694,4897160.821,13567.83798,
152,0.000293645,0.00525211,0.331025203,3.35E-08,0.016348219,0.043120883,0.025368918,15712264.26,7.934957244,13568.94965,
420,0.000331901,0.002704225,0.205271222,5.56E-05,0.017840866,0.039971737,0.014909497,1057576.554,53.03721893,13572.25017,
187,0.417213797,1.56E-05,0.401191228,5.96E-05,0.015261393,0.039151459,0.052706792,92567.39474,0.501818726,13573.21943,
103,1.07E-05,0.009996636,0.298354566,8.87E-05,0.016275013,0.028821443,0.019034069,34783795895,86.09606721,13576.11862,
455,2.03E-07,0.081810077,0.10711717,1.88E-21,0.019018699,0.015237899,0.006757467,36625696432,1.81762E+15,13590.66096,
439,1.964362098,0.000930674,1.920169465,0.00591951,0.011493618,0.045090187,0.016713679,3549.708374,33.68949693,13594.6007,
49,0.852104523,0.007209552,0.891950792,0.006947069,0.010820112,0.032580965,0.018593074,0.051162472,311.9754688,13596.69945,
216,0.060373029,0.04267905,0.134236934,1.70E-08,0.025788957,0.014815844,0.008890285,28195.5527,7194555.542,13600.26968,
283,2.727447349,0.002746701,2.757486346,0.005093489,0.008419889,0.02131014,0.017899632,52.73735251,0.083657751,13601.86335,
440,0.088526576,0.023538474,0.06886408,3.67E-09,0.02795174,0.027479976,0.022696383,35625761.79,4290.864289,13606.00616,
197,0.23647401,0.05633052,0.197275614,0.002679176,0.019492441,0.002985784,0.010393557,22065.85252,60.48184865,13612.87477,
445,0.033429156,0.005993461,0.149148516,3.97E-08,0.02005171,0.032725243,0.00519243,0.182898595,15.16535301,13619.06873,
22,1.89979387,0.001704648,1.899735965,0.00207717,0.014096915,0.037341317,0.027505756,3067013.106,8.935612029,13620.17766,
137,0.413839979,0.004442469,0.429045629,0.057821747,0.012621448,0.010697339,0.008008953,38850.46269,566920.9799,13623.12997,
230,0.112875659,0.017232052,0.126371711,0.032093226,0.016897124,0.00015566,0.01016393,0.061244351,0.218505994,13625.17076,
109,2.320590279,2.00E-05,2.366715347,0.012635918,0.010220387,0.025472115,0.011647236,13856.70391,82.15475239,13632.23203,
42,0.008139706,0.019677891,0.380571096,0.001474334,0.024832555,0.011297713,0.013852679,2769.974032,133.6584027,13632.99957,
408,0.055552786,0.000416028,0.130050025,0.025421211,0.007796065,0.031539503,0.018046619,2841.582845,0.006837342,13644.88237,
209,0.000242254,0.041932816,0.108558381,0.002912503,0.023543339,0.021692854,0.008129761,204557568.8,0.031453065,13667.8825,
356,0.138954284,0.024457619,0.000781475,0.026253097,0.027880594,0.014465226,0.007696559,4.99183039,5.446637135,13675.64784,
379,1.424322176,7.01E-10,1.473764224,0.000233898,0.012412879,0.054025398,0.03571609,430269968.9,10.10471688,13678.39825,
28,0.000307076,0.022041447,0.178909745,0.000211438,0.019452771,0.028276469,0.011111534,1.29E-05,27.32569952,13680.6187,
273,0.001055361,0.076483028,0.067663912,0.019863153,0.026098816,0.011817046,0.009836223,2262484.432,842808.3289,13688.49224,
284,0.296609218,0.00621423,0.320642237,0.000360733,0.037123749,0.027613217,0.031251022,463076502.3,0.407599662,13692.45474,
100,0.08401767,0.057231982,0.091322336,7.83E-06,0.023223984,0.012236144,0.007304069,0.001843972,1894.347827,13697.96555,
126,0.19619223,0.064734774,0.084895592,0.053830835,0.021757955,0.005930697,0.001464918,15005.39364,17.00238898,13699.55864,
186,1.80E-07,0.008127072,0.291268812,0.004495642,0.019792841,0.026786987,0.014515976,695.2225157,8301641.202,13699.91938,
91,0.179978381,0.005841854,0.000559748,0.024554401,0.025453775,0.017706064,0.009609736,729.9325255,0.006837343,13700.9469,
172,2.67E-05,0.024937589,0.111466564,1.92E-08,0.02195359,0.031083842,0.015126458,174606.8669,71531.60887,13702.97109,
405,0.27166725,2.81E-05,0.288798668,5.43E-06,0.015174126,0.056095971,0.032432932,43.627066,81511764.2,13704.29232,
449,0.778871359,0.00563945,0.753069634,0.00149673,0.008388397,0.032535556,0.017433183,2.595169168,351174.0812,13706.9707,
324,0.348721738,0.002256146,0.383147773,3.78E-09,0.019124583,0.051439285,0.030461912,2.220663177,3758216.013,13715.58772,
274,0.162421213,0.011184171,1.17E-05,0.027323955,0.028604139,0.016327851,0.00690987,189013.1076,198.294306,13720.80962,
88,0.214840131,0.00120438,0.296036091,0.00816654,0.017130021,0.032297305,0.018536523,0.081631016,24387173.73,13727.32078,
199,0.000149524,4.45E-08,0.322589686,6.45E-11,0.017333064,0.045061798,0.026873292,2089469.776,17653244.83,13729.36436,
114,0.179735232,0.00272642,0.00230975,0.022841978,0.02539602,0.027203264,0.012676123,4796047.967,3.396758097,13731.96957,
415,0.009773469,0.016820323,0.145353373,5.58E-05,0.028838643,0.033297783,0.021441849,38.30459951,24171.73833,13732.41897,
323,0.078352079,0.011612974,0.114150779,0.050592857,0.034973017,0.020896481,0.010581597,12.8671219,790039.8109,13736.86961,
161,0.197562358,0.002411436,4.37E-05,0.023114273,0.026362528,0.020995796,0.012188651,2902.906764,3029.544547,13739.79779,
458,0.467265447,2.40E-06,0.519089536,1.29E-16,0.011107212,0.117034966,0.036533931,6357490738,3.93313E+11,13740.52198,
92,0.008857611,1.47E-05,0.217399279,7.70E-05,0.01784521,0.064709305,0.037729644,70.89143928,43774.41384,13746.77852,
226,0.150175262,0.002295382,0.054694633,1.39E-09,0.020165607,0.033900303,0.034422431,6937.337358,75494.84007,13748.49356,
397,0.266382904,7.55E-08,0.295311919,1.27E-07,0.01770936,0.055626194,0.033238074,4.88E-06,1020854.313,13750.28953,
201,0.006131967,0.000217031,0.296216968,0.010638735,0.012510878,0.037141003,0.016711338,1.504532231,14284.67605,13765.07715,
55,0.0131572,0.019323176,0.156729267,0.003748356,0.022830532,0.0210531,0.007898114,5.211522316,6798833.311,13766.05188,
417,0.100033583,0.055938307,0.017109336,5.71E-06,0.024663878,0.021179373,0.007999631,43025584.25,5963.907347,13779.41412,
206,0.199135873,1.87E-08,1.27E-08,0.024122263,0.026107923,0.020658452,0.01338243,50021054.6,18974139.53,13791.23352,
198,0.685471755,0.003495545,0.998990182,0.010459927,0.019790021,0.061252537,0.039516295,44.89218104,0.048158561,13796.11685,
3,0.017752168,0.031801436,0.344155438,0.027487854,0.007802554,0.028981349,0.014857072,43.57602718,32.83922311,13798.45415,
21,0.20556452,0.000153266,2.58E-05,0.026311449,0.026171789,0.023441223,0.011956638,392491.8943,0.671393844,13798.61571,
62,1.38E-05,0.001013442,0.136777367,0.003028358,0.012216339,0.049254091,0.014266254,16.48047647,0.22236862,13802.88735,
250,0.034958208,0.019789984,0.360370488,0.005284403,0.027417692,0.03602141,0.003223829,1717561.059,16.51558691,13803.84181,
448,0.100359199,0.043000983,0.016288946,0.002335832,0.027185183,0.014223069,0.009388097,31.66720581,31222.25916,13808.26291,
239,0.528553336,0.001439703,0.607921229,2.87E-05,0.012784774,0.063637505,0.031588685,0.018090355,686708.7745,13822.83238,
246,2.140271666,0.001326166,2.188779188,1.86E-08,0.016139242,0.065791887,0.01998042,2281.012352,3.36E-06,13839.10551,
381,0.001690108,2.27E-07,0.355625172,1.04E-12,0.00965545,0.075781618,0.028332311,2.17107E+14,355490.0693,13843.28624,
39,0.182255005,0.021192558,9.75E-10,0.036730234,0.038721651,0.022474582,0.007977288,49.51667608,47.54442206,13844.92005,
376,0.185009766,0.020572895,0.000970722,0.024540865,0.032269231,0.01059916,0.015373754,2.96012E+11,15.9905075,13845.17768,
483,0.201622631,0.000143518,3.77E-18,0.026188989,0.025340271,0.024344389,0.010745541,3246212.704,168065029.4,13869.56364,
170,8.094558631,0.003003776,8.545943245,0.005938139,0.008009113,0.026564724,0.02048086,4.584849638,7.999142653,13874.14502,
330,0.149278857,0.052944111,0.016227251,0.00466625,0.023405504,0.010485175,0.011206949,41.50043573,72082.45068,13876.73909,
295,5.603950596,0.011841769,5.768858066,0.011539275,0.007927364,0.021288724,0.012566497,2.776136142,12.85975227,13878.14629,
487,1.307282358,0.001149322,1.235444527,0.013338223,0.025158849,0.044740997,0.022638426,12.60540613,6746.032752,13879.78388,
208,0.128486033,0.072110511,0.003331479,0.057744125,0.020218952,0.015212578,0.00582355,5091774.397,0.08826553,13884.17981,
122,0.131616379,0.041082476,1.58E-05,0.048162335,0.029087173,0.015128111,0.004063454,4881663.886,1.561383427,13892.62795,
202,0.185988803,0.034055826,1.34E-06,0.030851305,0.025903069,0.014494404,0.013097234,188411.9735,25156289.53,13906.92068,
367,0.152389264,0.025114952,0.00011467,0.021685731,0.028761597,0.017696655,0.008903445,0.010703127,389.7978318,13909.01213,
148,0.012054932,0.008184572,0.047935861,0.044775325,0.026362177,0.031742514,0.023594305,61.62052779,448028.5994,13909.69259,
142,1.96E-08,3.54E-06,0.206866076,0.003681797,0.02485682,0.060232606,0.010929753,2211.718569,0.000386629,13919.74946,
280,0.000395372,0.000175227,0.580266265,0.03723561,0.020637281,0.02458095,0.019469396,30319.55874,8.187009964,13928.11763,
178,0.06269135,0.111709909,0.292546605,0.000297098,0.01807778,0.032307758,0.011804058,2792.617921,0.501128178,13928.22366,
47,0.191667969,0.017018383,0.001326871,0.012394244,0.025516031,0.049121476,0.011541297,105664.3692,13.99281365,13941.95768,
429,0.000750176,0.058461519,0.244598636,6.87E-09,0.035114067,0.021574285,0.015906427,27890292774,211.3689355,13950.45327,
243,0.089841827,0.053185614,0.001889128,0.060876513,0.014907002,0.012546772,0.004452322,314961.0291,24736.90264,13976.19089,
99,0.000798251,0.008605015,0.226212427,0.029639269,0.016046193,0.042395143,0.019283129,113.2736754,119698659,13996.43182,
83,1.40536378,0.003230291,1.430269092,1.19E-07,0.011178734,0.042097822,0.02354613,0.022657231,3957867.787,13999.16792,
29,0.152142876,4.51E-10,0.0002115,0.085699375,0.029346211,0.016046465,0.007041812,1093705025,55641545.42,14008.20512,
26,0.001548195,7.47E-07,0.240626295,3.07E-06,0.014988583,0.046957485,0.045032769,107204.0807,6048438219,14031.17014,
227,0.008693276,0.172939566,0.101776418,0.147212614,0.026571164,0.006772426,0.008432256,37223.53105,0.162485992,14057.73629,
404,0.002344545,0.044068182,0.13672065,0.000331323,0.022824642,0.024171414,0.005243401,0.000659482,1692825.164,14062.11325,
163,0.167748585,0.058656954,2.82E-07,0.097915926,0.028540662,0.013636053,0.009916034,6629263.195,20329.2653,14062.15574,
233,0.000232312,0.011492763,0.153878635,7.36E-06,0.024285373,0.120874538,0.113574096,23857.51183,7999.830145,14082.27223,
33,4.038003291,2.96E-05,4.191761254,0.001269903,0.011050376,0.044359668,0.028047407,0.926705704,70631.5449,14100.62952,
312,0.158390634,0.093383283,0.066155559,0.000312728,0.009381039,0.011589387,0.013383427,422.9095081,1090717.328,14110.02575,
500,0.082392883,0.196235217,0.03222012,0.032129451,0.034538235,0.014779739,0.000337601,0.69111962,7.519682563,14113.39746,
382,0.174371261,0.003722619,0.141246679,5.66E-07,0.029634324,0.055062951,0.05580883,0.00244305,19204740.46,14123.06466,
465,4.90E-06,0.000461211,0.296760345,2.51E-09,0.018237881,0.059194151,0.027244307,7.75E-13,30265447.26,14128.29536,
277,0.066959097,0.06193251,0.068787941,8.60E-11,0.020239502,0.024658355,0.00745667,0.138511418,1036030604,14145.59446,
4,0.397053169,0.008328093,0.454782701,0.005391861,0.046353591,0.072921224,0.063800489,160.488073,119.5452159,14154.87754,
151,0.108947226,0.0196667,0.215076171,7.25E-05,0.013467173,0.125692889,0.14917088,309.9120027,0.967131539,14155.721,
424,0.185836729,1.66E-07,9.80E-09,0.008923214,0.038227212,0.037289365,0.025421997,28.86377247,2953.388015,14168.35508,
118,0.130039116,0.004527559,0.071898012,0.108958707,0.032244217,0.014014138,0.002508613,11.04279791,266068780.5,14202.36567,
7,4.296498251,0.003972212,4.538779495,0.032679266,0.012330478,0.01843001,0.001038569,5948.427009,0.002846623,14204.63271,
262,0.000247864,0.104030491,0.039530164,0.02907804,0.016274165,0.00798291,0.021690954,219729.0753,138.9656463,14212.08502,
256,0.132178409,6.58E-09,1.49E-09,0.064731438,0.027416371,0.019736156,0.009985652,182215.6817,6821789208,14231.54756,
181,0.023134699,0.022494984,0.131587186,0.001963001,0.019755822,0.308153069,0.198297458,91.63358719,83.51399175,14234.03096,
432,0.14794726,0.010685991,0.032497756,2.37E-06,0.01519091,0.051570424,0.028957793,0.002339797,552087.1683,14269.98234,
316,0.009417012,0.009786926,0.199329532,0.003276625,0.026379437,0.388693325,0.217076254,440.8680751,0.922344782,14346.74816,
241,0.404562225,4.45E-07,0.20228803,0.026468267,0.028350312,0.161212445,0.036159492,77712.09808,2.09216816,14348.31802,
421,0.004078781,0.013240029,0.247758975,0.000144049,0.035387366,0.292934804,0.092472424,1671.547047,0.553598295,14406.19165,
158,0.113386995,0.025319205,0.000728831,0.032098053,0.022617207,0.074939017,0.093258758,855.7014867,278.3427194,14415.40853,
96,0.020787356,0.22002457,0.073163903,0.17264441,0.021815843,0.019023275,0.001306401,0.453859221,363304.4995,14422.72562,
409,0.003333361,0.090952911,0.214820999,0.036668771,0.011378832,0.000306468,0.012128251,168.1473268,12916708.37,14427.52964,
438,0.139724754,0.015543436,0.184211063,1.81E-05,0.020505021,0.597613345,0.333280744,399.8081112,98.47200039,14427.7554,
120,0.00748892,0.230497998,0.132207418,1.56E-07,0.010361415,0.045032553,0.039976751,1.00982E+15,3.44E-18,14428.87654,
275,0.025518275,0.057847469,0.005606362,0.104612583,0.021619298,0.085330211,0.086617937,116152.1592,0.42502765,14494.98793,
191,0.003798768,0.125949652,0.008114124,0.126766829,0.018550678,0.078093475,0.081048462,4725.979314,7.707437628,14505.67091,
459,0.265699132,0.00640488,2.32E-07,0.026237835,0.043089271,0.075572311,0.066839442,1270.508425,2599.953565,14514.73564,
86,0.185772112,0.000740269,0.12836731,0.013803753,0.026360636,0.604733187,0.325747209,38.05736089,22.09304337,14519.75489,
10,0.261847741,0.024598916,0.025282331,6.44E-07,0.017920737,0.054303362,0.03185,1.170976977,412724970.9,14532.07609,
217,0.001451117,0.10548878,0.004367834,0.145951734,0.019781625,0.110699875,0.119144099,136.8654581,5.705013495,14545.52401,
141,0.00377758,0.098149809,0.001681171,0.116278938,0.021359873,0.097877001,0.098974593,5944.114362,3.627946423,14559.45595,
327,0.011651972,0.052261468,0.001354029,0.101001362,0.021533155,0.137307304,0.144668426,6568.186978,323.4118993,14559.92262,
343,0.006643011,0.022166164,0.220547234,0.012364959,0.018745972,0.549303488,0.310627854,1120.847439,3.94E-08,14564.52078,
494,0.002592881,0.121836748,0.002072911,0.158051393,0.01985945,0.093761711,0.101175227,4577.486025,3340.052165,14564.5811,
471,0.09983104,0.0004842,0.16190138,0.013267786,0.018461562,0.752171536,0.592882904,13.44330999,17.84839761,14571.44076,
406,0.263830466,0.007927464,0.060123959,0.069967509,0.017819847,0.21840413,0.130905189,4799.477359,1.125683681,14579.11118,
65,0.019653491,0.014923303,0.114123102,0.041586027,0.030814695,0.20494069,0.231749531,27202.33648,8.802357804,14582.64924,
446,0.053256057,0.011899376,0.148429792,0.000117598,0.019903279,0.88476867,0.726691356,7.095092664,20.31792434,14585.89596,
73,0.022072395,2.85E-05,0.081413618,0.068656574,0.021411421,0.152137816,0.210309405,6781.340688,34.97353509,14593.19388,
195,0.118798621,0.025865335,0.002598411,0.04241274,0.02124371,0.179046264,0.181044649,6263.716068,0.136715757,14605.0636,
228,0.002411944,0.081100508,8.32E-06,0.120920404,0.019759469,0.120040646,0.123986575,2687050.363,200.0715699,14609.13551,
291,0.00795018,0.005189392,0.06741958,0.081109829,0.024380538,0.225414609,0.187341931,18446.60172,13.60588185,14614.15867,
340,0.110902188,0.004201419,0.000269664,0.057012003,0.024409899,0.25349501,0.189381876,0.450760647,4.91323357,14617.41284,
344,0.07398545,0.011759668,0.081911321,0.036279988,0.02757143,0.394832597,0.42955185,57.1103447,57.61394706,14634.88503,
13,0.188117556,4.41E-05,6.10E-06,0.035882559,0.031212272,0.121341597,0.092889408,450.3520183,3044974.506,14634.91459,
317,0.07258764,0.008301852,0.195947245,0.003148574,0.018117385,0.485522617,0.273194488,0.006836621,35244.65958,14638.40011,
20,0.090087133,4.29E-06,2.95E-08,0.103437039,0.026726915,0.108070456,0.095009989,14198.85357,87038.43237,14640.42668,
461,0.006668332,0.03071332,0.112689419,0.004406324,0.024790561,0.692740195,0.543130381,49.89822289,512.0217127,14644.86612,
143,0.05165568,0.034539665,0.137170849,0.028129192,0.024067013,0.567814011,0.49365027,55.56907755,8.009642739,14663.62914,
236,0.079835094,0.000406577,0.119381494,0.011346534,0.020929273,1.39017957,1.05055132,880.3497731,2.351777283,14665.02653,
359,0.242580365,0.255368577,0.11944669,0.268293586,0.026359475,0.008837724,0.000876666,190.8630343,43980.83718,14667.06567,
135,0.069571119,3.66E-08,0.003303478,0.077295965,0.017424056,0.304352066,0.252785603,14614408,9.30E-05,14667.53096,
194,0.006047404,0.072425182,0.002256007,0.113572894,0.021221845,0.103243419,0.094196622,0.000455338,60.19829798,14684.66002,
257,1.17E-05,0.077764282,0.006113712,0.105842743,0.02045803,0.238671442,0.252406259,96694736.47,0.110598126,14692.6386,
77,0.006519576,0.008968407,0.173648496,0.012010194,0.024399822,0.92915351,0.556232674,2051.124073,3.082274906,14693.80515,
380,0.002424691,0.124464011,0.135227746,0.006689346,0.013852261,0.174092116,0.152591405,52.38419787,2201.407046,14703.9222,
48,0.043789897,0.001113331,0.111033552,0.023261616,0.022936493,1.270902989,0.931756742,173.1750954,1.810455881,14709.38569,
261,0.088980607,0.013882057,0.171367634,0.003856788,0.0190263,1.673329819,1.177667086,51.36145056,0.335975078,14722.01923,
11,0.036398287,0.016744001,0.131907037,0.113761884,0.015844515,0.314312328,0.225851013,73.80337902,0.904023636,14724.64553,
255,0.140867545,0.028950397,0.001825806,0.058072592,0.045884746,0.132594091,0.111514442,790.2623637,3.738674256,14739.96225,
38,0.002570505,0.102841669,0.034942276,0.080618728,0.019195049,0.38887619,0.340540043,11258.50761,0.135598648,14740.84528,
210,0.092379265,0.0001511,8.28E-09,0.081537486,0.022826115,0.731643405,0.606394429,379402.0371,18.1306771,14745.60711,
418,0.051074416,0.006573861,0.052756763,0.089474462,0.016455533,0.405450689,0.464981897,325.2836659,0.528639665,14749.38489,
328,0.083238391,0.003541797,0.112727327,0.003670584,0.02280023,2.844118184,2.077424432,28.17033921,0.730377629,14749.83267,
496,0.014402561,0.038411996,0.004958628,0.120739919,0.020629749,0.681396493,0.742796935,183.9715586,3.484224528,14750.97406,
40,0.068615159,0.01180023,0.091711091,0.008695658,0.022189382,1.990122195,1.802087509,21.12223271,10.85718764,14751.58616,
427,0.050963103,0.035022753,0.100170945,0.00154995,0.022961779,2.382026016,1.953392995,32554.95883,3115.536021,14771.17095,
203,0.038911264,0.048224689,0.000489872,0.090962835,0.022947026,0.808137678,0.749198171,0.263304511,0.12101887,14775.37353,
360,0.02606578,0.032846607,0.113058086,0.00279082,0.020439557,2.196494832,1.722482557,4.872487632,20.42000032,14782.23575,
213,0.105002066,0.000171352,0.00029969,0.07465889,0.021811858,1.076623375,0.97925598,1758932.386,1119.637065,14783.83284,
407,0.03464459,0.116577545,0.000970388,0.062415365,0.021416319,0.189026299,0.249924982,610.2661925,41.14284104,14784.86445,
237,0.010598454,0.040363626,0.142892162,0.001728252,0.020826815,2.162324155,1.642805584,70115.61257,0.041884775,14792.59533,
234,0.058501268,0.013043999,0.000140957,0.086773647,0.022051456,1.728157862,1.552210686,68.27357176,13.25177918,14798.63986,
67,0.016871822,0.031953816,3.17E-05,0.12339852,0.020987606,1.236172051,1.169805778,33151.42231,620.1330594,14800.98484,
93,0.135807862,2.38E-05,0.000349485,0.072770132,0.018046412,1.062010803,0.869733472,3329.830762,3285.879085,14804.15455,
123,0.000273129,0.049147896,0.010510796,0.201941538,0.016785399,0.244531951,0.28751639,753.8323529,6333.742902,14810.23372,
351,0.003118901,0.067143275,0.083429937,0.000798829,0.02815475,1.365332966,1.485484861,1.468116037,0.026818932,14810.90818,
204,0.000771956,0.046728358,0.108475618,2.90E-06,0.017239572,1.735439352,1.045753285,7186.809867,8.088242919,14813.20623,
349,0.034694055,0.038540139,0.129312723,0.005106303,0.026044488,2.442768651,2.154290732,67.27750667,12.46712335,14816.42747,
374,0.073660135,0.010180728,0.105242454,0.001914472,0.021697406,5.910482439,4.819322142,8.017053841,1.575934412,14821.42829,
378,0.060333818,0.007944851,2.98E-06,0.085177366,0.020370259,2.500764113,2.306785411,2099.442867,76.59351066,14822.74559,
132,0.052967071,0.001639276,0.059877053,0.045847247,0.022378297,2.260994998,2.040911945,15.91195155,3.613575157,14822.77644,
467,0.028399709,0.040112021,0.096733757,0.010834269,0.021110094,3.625826131,3.177762497,4.143037245,0.005024996,14822.858,
155,0.052581933,0.012764555,0.010041925,0.086858025,0.02199325,2.466636845,2.20371303,34.30942636,1.764624829,14828.47796,
119,0.030720293,0.604394543,0.060701662,0.503668507,0.020471426,0.029114989,0.01457567,0.066350548,51.65250408,14828.72425,
346,0.056284025,0.004609633,0.003104014,0.097795012,0.020449087,3.003769248,2.802777392,9.51616669,0.228802628,14829.32499,
43,4.57E-05,0.085727945,0.119705256,0.001090963,0.021839183,2.456260139,1.97594067,24122.73272,108.4248659,14830.79065,
264,0.027848035,0.026169672,0.146308336,0.077760629,0.023708197,0.444905624,0.39672038,57980.93169,0.008692005,14830.86014,
147,0.002492914,0.052911178,0.117763054,0.001005239,0.021734951,3.929857991,3.067401879,1.001328319,2.02084403,14832.10993,
304,0.046787704,0.016223237,0.107055648,0.001192583,0.02220478,6.011442773,5.294163201,1282.767787,1264.139111,14834.88863,
399,0.028363468,0.06123841,0.048440084,0.077011092,0.017358578,0.915120478,0.785202301,174.6908215,0.831149089,14835.84237,
84,0.064752191,0.014734405,0.105625487,0.015734732,0.021837632,4.633506003,3.475523668,11.89436649,3.011496341,14837.01378,
144,0.042749069,0.033256553,0.092445585,0.006482101,0.021483103,4.27921301,3.85233888,121.3919542,0.159609911,14837.61938,
480,0.022844914,0.041964658,7.30E-06,0.09682989,0.022039181,2.31906521,2.173068065,7863.591466,47.2004072,14838.06491,
225,0.03799414,0.024548748,0.109845897,0.003104361,0.021028317,6.249703631,5.496661139,196.6536415,4.887028038,14838.95776,
244,0.033656374,0.023011672,0.120199736,0.005207264,0.021203965,6.14262691,4.976662843,702.6455973,2.234791624,14849.0322,
214,0.097208414,0.000290149,0.084100857,0.033423685,0.029837756,1.830511727,1.708296007,35.84561271,16.27327869,14850.04895,
472,0.067925241,0.006248565,0.029673756,0.069680046,0.023221037,3.058179268,2.751104139,15.47895344,7.57E-05,14851.87111,
347,2.78E-06,0.031835688,0.137556093,0.006135877,0.021492414,2.808283087,2.262816868,123.1174951,448.4132159,14854.88405,
411,0.034142594,0.028847745,0.091063146,0.015281587,0.022436543,5.223321443,4.553165671,284.9628508,0.608499184,14857.83906,
289,0.069594165,0.003415436,0.000105352,0.092699301,0.021877383,4.898884787,4.495306241,10266.68568,63.81752838,14858.08352,
303,0.004729408,0.396338554,0.075446766,0.346113844,0.019718006,0.024573472,0.002137935,0.242909359,56701.35097,14858.72048,
403,0.042428748,0.020038868,0.102181688,0.007371194,0.021679831,10.22913175,8.767555157,142.4892536,3.959892671,14864.68196,
74,0.05647077,0.014180401,0.000140547,0.093457047,0.021590783,2.764090353,2.538755331,126067.1835,0.040090182,14864.85916,
326,0.017569856,0.046196809,0.103714919,0.009573862,0.022453376,5.631864805,4.609268918,1053.654597,0.177612056,14865.36703,
183,0.045200334,0.013995959,0.002638668,0.093865588,0.022499197,6.457791234,6.127925076,2.359357136,0.133513028,14868.84651,
485,0.044168433,0.018673491,0.006484661,0.096049644,0.021479218,4.91057391,4.55237711,12.38468653,7.021810562,14870.01558,
313,0.062057635,0.009924829,0.101549275,0.004409152,0.022038758,16.89103437,14.45276892,28.86166437,1.691572978,14873.19313,
189,0.040289121,0.024344773,0.113952243,0.004375843,0.021129561,12.20578723,9.93129024,43.27422913,0.148665025,14873.87014,
353,0.044590513,0.015790604,0.012498956,0.086200075,0.022154037,6.479062058,5.747181404,57.36291955,6.006969048,14877.2999,
220,0.010960353,0.052316661,0.004802064,0.088661037,0.023198287,6.181099262,5.756954095,11.90290863,3.874230743,14879.89647,
235,0.056650188,0.002874148,0.019677625,0.074552504,0.022040688,7.944202206,6.841515625,3474.478708,632.7310293,14881.06974,
348,0.019453676,0.056285731,0.019595771,0.076706762,0.021584254,3.013993126,2.747694204,14.72936838,17.95216227,14881.21302,
479,0.017786242,0.044907217,0.092429398,0.011030537,0.022051064,11.03419926,9.581006475,7.57925832,5.481962778,14882.60499,
375,3.11E-05,0.073291611,0.004884782,0.093018208,0.021240178,3.376892518,3.326588011,4243.391317,0.683728192,14882.67959,
311,0.060101073,0.00764025,6.13E-05,0.092369194,0.020566961,6.22189425,5.53492701,5942.835886,0.542795576,14883.98374,
80,0.023745227,0.042235875,0.010441277,0.090313715,0.021188391,6.62114493,6.256476803,2.016916083,0.323093525,14884.45876,
159,0.003925851,0.063267473,0.009745123,0.086216116,0.021143053,6.858672048,6.234034863,19.0268577,1.08969257,14885.42027,
105,0.055652728,0.01522344,0.004085839,0.089724344,0.022150066,6.062917695,5.553776433,1426.395869,0.075220401,14887.07678,
335,0.057316724,0.016434346,0.043559731,0.078217255,0.02346035,1.204851843,1.067798883,0.316754909,14.34499676,14891.82245,
145,0.023773933,0.041588145,0.022175317,0.075895182,0.021572766,6.753905467,6.387587903,9.734997344,0.803265201,14891.91766,
338,0.057424316,0.012898507,0.024431082,0.069996682,0.021890723,11.10051784,9.873233601,10.30171495,1.433454381,14893.31661,
362,9.38E-05,0.061273565,0.101549613,0.005036707,0.021848407,20.05453532,17.49524845,205.9683841,3.033284085,14894.37399,
474,0.060090526,0.009170556,0.006443744,0.085691709,0.02210299,11.53575617,10.47959161,0.895891341,0.803734269,14894.4868,
215,0.060156534,0.009392734,0.089245568,0.014052253,0.021659882,35.4200715,31.08113424,3.46398859,0.481560772,14894.49993,
341,0.041005798,0.028100326,0.090439573,0.01088243,0.022016783,28.29071821,25.09027528,3.543930482,0.768690458,14894.55043,
36,0.007904505,0.042022778,0.083366102,0.030932481,0.020463133,6.633265065,5.352507038,13.11950112,7.455409754,14894.85333,
282,0.005026672,0.055847426,0.104457648,0.002618117,0.020954959,34.81051199,31.3860257,5558.946203,1201.371543,14896.33167,
258,0.037005092,0.038708706,0.103650478,2.61E-05,0.021221653,10.9672927,9.418738136,41478.56089,0.22174938,14896.6069,
224,0.037786313,0.03380125,0.103702502,0.000993465,0.022089116,51.22405887,44.91855407,4.328404458,0.610064789,14897.63862,
5,0.02463577,0.039341893,1.58E-05,0.09450799,0.021884967,26.70125135,23.984853,3.252468822,0.259074597,14899.89645,
491,0.029222052,0.053506748,0.081483035,0.018682142,0.023768739,5.179983741,4.278536591,4.961798574,13.70691246,14899.93839,
435,0.057476702,0.013410051,3.40E-05,0.119081804,0.020241474,7.578751264,7.019108877,926.4229138,1129.955652,14900.48069,
431,0.000250713,0.072980202,0.003136623,0.097250779,0.022519391,14.130365,13.117362,30.02379678,1.369797065,14901.20231,
342,0.026158916,0.068732403,0.079101681,2.66E-05,0.022921465,7.129693724,7.042009613,632.0330269,1.385328258,14901.47358,
188,0.002419285,0.058497617,0.092628229,0.015019833,0.021534146,34.3768847,30.2422427,14.96657135,2.550782118,14901.97039,
450,0.063750526,0.004626482,0.095105078,0.008387983,0.021762234,106.0473247,93.75340396,5.760968735,0.55736305,14902.22924,
453,0.04189771,0.033486485,0.008166647,0.090734698,0.021428658,2.185644179,2.134170815,13.8855964,197.374653,14903.36828,
14,0.043998334,0.024175431,0.002128683,0.087497975,0.020528974,23.40144189,19.78574676,28.15288633,1.308902018,14903.81794,
469,0.001779478,0.053351489,0.010332462,0.090666094,0.021894783,16.38564753,15.82603782,7.362571547,1.309121319,14904.9823,
383,0.053250821,0.012912476,0.029404903,0.066010583,0.021999827,27.56821969,24.62307216,11.82872196,1.035041616,14905.31716,
171,0.014738812,0.047824043,0.086211086,0.018492529,0.021411826,43.47094381,38.53014386,164.5146736,5.473332185,14906.21834,
25,0.021285341,0.045290697,0.091584304,0.013047052,0.02154973,94.40362418,82.47910276,8.993603684,0.675926023,14906.29808,
269,0.057669194,0.011619872,0.07474173,0.029581551,0.022944074,29.8756045,26.74469272,4.659656691,2.238361971,14906.31443,
363,0.067935171,0.004691353,0.088725018,0.01493633,0.022101051,33.14787993,28.99340807,0.454096277,0.582000068,14906.37982,
104,0.067473464,0.002578396,0.107973141,7.36E-06,0.021508913,225.7525953,197.3227263,1430.479224,321.8648458,14906.94832,
18,0.030527035,0.034227431,0.102563141,0.000370894,0.02175325,657.2808878,586.719396,2.228433355,0.000463986,14907.84943,
488,0.024923532,0.038560557,0.004654402,0.088150172,0.022043016,69.19040549,61.90527165,6.51197734,0.026395404,14908.04349,
167,0.052045999,0.025082146,0.097552177,0.006608344,0.02183667,29.45805211,26.19241462,0.017309631,0.068512846,14909.07977,
426,0.008330953,0.053091019,0.105468441,2.28E-05,0.021988018,190.0929337,167.4047706,19.0445273,0.024183015,14909.71377,
177,0.071476489,0.00054751,0.007613521,0.088921114,0.021947749,136.0593928,122.4333137,16.76899107,0.824081917,14910.05146,
193,0.002388083,0.055817525,0.002919838,0.088930246,0.021812763,9327.95655,8285.141007,2.002484712,0.073245321,14910.19507,
428,0.013426096,0.054008721,0.008959573,0.099682709,0.020544125,8.162295165,7.79829035,8401.299786,6.105252591,14910.26638,
370,0.051230887,0.010670186,0.001434492,0.090894725,0.022388777,10403.04496,9332.166748,1.373872101,0.034303593,14910.49614,
319,0.005252416,0.051201064,0.028533009,0.068667207,0.021501394,21.51476764,19.15242702,21.83785174,4.420713365,14910.62057,
498,0.016500556,0.046712435,0.086884228,0.016605658,0.022022541,118.2738076,103.4698612,64.20209813,1.595679745,14910.65648,
87,0.065373478,0.002635379,0.002556527,0.088094611,0.022049985,5867.693696,5221.651753,6.4111997,0.191675512,14911.04894,
423,0.044316307,0.023253208,0.098088843,0.009333056,0.022256332,22.85604967,19.40876166,1.809213022,4.430413038,14911.08001,
240,0.000345409,0.055396567,2.20E-08,0.088193329,0.022117215,960.6900863,820.3733274,3.730148683,0.145359183,14911.46608,
173,0.069232772,0.000354766,0.107078369,1.33E-06,0.021648315,74774.3427,66398.02513,24.91524025,2.832246361,14912.27419,
252,0.003023663,0.055603651,0.010547103,0.085869041,0.022099421,1518.480833,1373.16524,9.730306481,0.000594831,14912.92349,
125,0.044378644,0.025756036,0.000354677,0.088023473,0.020873422,7.846468653,6.722413514,126914.5262,0.94506263,14913.36842,
53,0.057134966,0.015612523,0.047980531,0.052282438,0.022446696,4.306436367,3.887515775,267279.8221,0.00060689,14913.71929,
322,0.05361109,0.018682686,0.001752974,0.089298279,0.02222993,16.04504256,14.2323931,4251.901889,0.667298043,14913.83256,
268,0.00249137,0.061125687,0.077496686,0.020065974,0.023631134,74.2351637,63.62264185,0.166640353,0.027821921,14914.97396,
134,0.014876556,0.043966744,0.058069134,0.051071313,0.021387401,7.289654223,6.102785753,0.884665104,1.121261071,14915.006,
2,0.029128375,0.032497432,0.00945213,0.0856524,0.022062817,136.4115805,122.6119229,3.892000924,2.149946192,14915.52118,
95,0.0004407,0.063223384,0.011088013,0.086395856,0.021592533,30.75373331,27.89681242,3600.916921,21.14826608,14916.19138,
443,0.071101892,0.000306225,0.058093847,0.043465807,0.020779237,68.72430837,55.93794379,0.924729432,0.558681982,14918.23719,
149,0.0266262,0.046535694,2.11E-05,0.081996962,0.022342122,225.6525955,195.5001132,301.1724421,110.8881135,14918.29812,
286,0.018183708,0.043480488,0.103467486,0.000284023,0.02192167,5261.3208,4659.535604,0.004165254,0.00116381,14919.1977,
456,0.023019594,0.041372113,0.019619079,0.079112577,0.021931193,10.59552169,9.650839758,1999.225687,0.000821328,14919.27775,
19,0.000354332,0.064283354,4.69E-07,0.091861843,0.022005856,475.0139606,411.2313868,0.01139449,0.004161236,14919.49309,
296,0.056390806,0.017635814,0.093411569,0.00901275,0.021326922,24.87657304,22.04427118,4.911548922,16.48037804,14919.50821,
17,0.064034035,0.003744402,0.096393511,0.006270246,0.021955785,9714.940856,8532.468972,2.41E-06,0.005666867,14920.90587,
196,0.106820637,4.40E-07,0.121386855,7.54E-11,0.021809751,6.961554978,5.436091868,11427307203,6.14E-14,14921.9655,
107,0.00237968,0.066882467,0.096274106,4.61E-05,0.022789635,58.84819413,56.23382491,20.42497455,30.27067977,14921.99594,
156,0.000853463,0.046410119,7.56E-06,0.104140569,0.020178574,848.634912,742.4668735,3.787468749,1.269603709,14923.50087,
389,2.13E-08,0.05703104,0.098848267,0.008208797,0.021990144,348.6081912,303.7138596,0.727029022,1.007688889,14923.79736,
441,3.42E-05,0.070111226,1.05E-05,0.096039105,0.022042542,17.81429686,16.27139378,19756.13771,1.020019115,14924.47178,
52,0.032490396,0.032502024,0.061525529,0.045036279,0.022416231,963.7021596,813.2884482,0.334509396,0.295632265,14924.62134,
320,0.067441832,0.007103729,9.98E-07,0.089132742,0.022712566,168.0515462,165.3043204,268.9981542,200.8821125,14926.0087,
106,0.062658596,1.64E-05,3.32E-06,0.086194769,0.022305192,4708.088836,3869.27738,109.2292081,3.13E-06,14926.53326,
37,0.071258728,2.26E-06,1.75E-06,0.087822559,0.022027778,327.8440114,294.3981077,817.9403798,0.070258705,14927.53537,
451,0.001164606,0.068809444,2.24E-05,0.09459797,0.022408617,43.69797424,38.47081558,26.83958548,53.96146778,14929.3726,
482,0.059256372,0.005547615,0.114781533,0.014988531,0.02210245,34.11992793,25.62798405,1.385166591,2.357730352,14930.64645,
124,0.002076109,0.046096828,0.000301601,0.11464215,0.022427572,108.6435767,97.56044754,222.1385442,144.2878137,14930.93472,
321,0.064892543,0.002192567,0.005002402,0.093404792,0.021845723,35.87377318,32.25480942,19887.80756,0.036887607,14931.29646,
305,0.021165294,0.063144651,0.001222233,0.092440847,0.022931991,83.33972705,77.31710372,218.655156,0.055852644,14932.37244,
153,0.050481225,0.002751494,0.096432798,0.025019043,0.021146032,24.26292863,20.45113624,18781.92174,0.002242385,14933.73367,
271,0.011363314,0.05052807,0.091279557,0.010092701,0.022066448,1109.526104,999.7023302,0.000340523,0.11142918,14933.83597,
31,8.83E-06,0.075312022,0.078021702,0.00015943,0.021996049,1278935641,1179854103,0.04659889,0.000313371,14936.78272,
127,0.041713251,0.026773393,0.098333468,0.016799022,0.021689012,4.772003656,4.104906214,17.71806747,746.0711145,14937.21229,
59,0.060204601,0.002347247,0.003908795,0.09647921,0.02132247,6081.350794,5657.515484,1.161993025,3.316454514,14938.93694,
98,0.024466645,0.037275544,0.044003057,0.054831664,0.022532764,95.83743049,88.50304441,0.402980926,1.433086645,14939.37934,
130,0.06339878,0.006560206,0.099216271,0.007176438,0.022076258,37.54112348,33.20655984,10080199.91,0.335447296,14945.00739,
212,0.000649433,0.055212957,0.001904906,0.093367739,0.02191098,99.42755639,91.14053717,7.543935673,32.93662706,14945.13691,
190,0.015045543,0.050196614,0.087608642,0.043869441,0.022394021,2.747409232,2.236336118,0.112485652,4.891542428,14945.35884,
493,0.007530802,0.084158818,0.084380477,0.025575995,0.021861109,329.1928483,307.4834714,12.94522618,15.60294191,14946.74916,
232,0.069941794,0.023793056,0.089831654,0.005144439,0.024418403,10.85022336,9.405870855,2.072487923,42.64974078,14953.71385,
30,0.064001898,0.000520692,0.065795696,0.040903909,0.022085173,20.01698759,17.22777019,2.010017459,22.74406649,14954.20423,
60,0.056225815,0.026508487,0.021940815,0.072237561,0.022822836,1157.62496,1067.998028,0.001797528,0.263350783,14954.24048,
16,0.042120279,0.032430849,0.008078438,0.076695296,0.026666861,15.23659899,12.60679305,1.217999081,5.877840007,14954.33535,
454,0.147530785,0.002831022,0.058200742,0.006012233,0.022390345,8.329529448,6.209567219,31.89853208,0.633524195,14954.46217,
336,0.100630674,0.021179674,0.090430766,4.08E-06,0.019739113,27.04502933,24.96638785,5.73986956,8.827744752,14955.74524,
422,0.060342796,0.013782128,0.007417003,0.079570401,0.022281696,568.9429994,507.7365982,0.002201066,0.490007909,14957.39021,
278,0.010117986,0.054750647,0.085650193,0.023007251,0.021448579,7.050531271,6.241411348,1.386983097,44.33981781,14959.0515,
94,0.024194742,0.044172088,0.000181495,0.107022487,0.019623154,45.16112365,38.7667785,0.00978795,1.097959563,14974.27072,
150,0.028026987,0.003702327,0.107231172,0.024710803,0.021097808,75.09777569,64.10915844,0.824568451,2.404012591,14975.40412,
128,0.065885264,0.016342043,0.009042452,0.091732696,0.019709394,5.492053581,4.684721495,0.890908756,85.7914862,14987.76903,
478,0.054262505,0.012929686,0.006509423,0.096167086,0.021904215,16.45178505,14.93675784,0.03763891,7.153726225,14988.51399,
337,0.066358383,0.014818701,0.096971728,0.004799609,0.022208563,21.09245385,17.88631669,0.344545294,40.78521467,14993.08222,
185,9.35E-06,0.108006681,1.58E-09,0.059691483,0.025191232,3883.907521,3493.277956,2214759.639,3286933.451,14994.13469,
486,0.144318095,4.58E-05,0.070172432,0.007735783,0.018165988,1270.292838,1073.627288,133.5003852,4.32E-08,15019.83599,
64,0.006184184,0.044766006,0.051048872,0.058238744,0.020804195,105.0754022,95.08152522,0.39798197,49.75293148,15030.19714,
51,0.036557245,0.028198937,0.015934205,0.08186761,0.021895348,13.15393539,11.9737334,0.019749204,31.23052256,15035.2555,
267,0.061454418,0.000240619,0.168858823,0.000685543,0.023352433,12.11465295,10.01381569,17.12336487,2921.487648,15045.07361,
293,0.03592498,0.057881944,0.032228816,0.04570982,0.026022143,408.1709626,324.3643569,0.227982704,40.54773405,15066.69967,
223,1.83E-07,0.100079931,5.13E-15,0.073228291,0.021948641,77019.62876,71878.99549,4536.902864,525262.0282,15073.43705,
373,0.000967612,0.067472747,0.097067065,0.035151614,0.02137109,4.720966792,4.118713564,18.99635145,15701.43949,15073.91823,
368,0.059471324,0.000411805,0.000192845,0.121681899,0.020918079,372.2333108,352.6657685,0.013920882,52.14250185,15083.37847,
146,0.000997028,0.090784072,0.000420331,0.098893832,0.021797665,210.3275569,196.7614913,0.229972887,575.2432158,15120.41912,
63,0.046975694,0.019606118,0.017213048,0.083830433,0.022381347,3.096659184,2.664752175,0.114742888,13855.00822,15143.41015,
292,0.07712975,0.030762103,0.022637749,0.088018755,0.023275555,2.54223353,2.42232155,0.032675795,7109.999637,15173.41124,
129,0.073363194,0.036932219,1.00E-06,0.13777195,0.035403374,18221187.12,11460096.74,5.773583304,1.35E-05,15229.53984,
416,6.50E-05,0.053162167,0.1159427,0.01646849,0.02256441,108.69028,84.2264716,0.087375886,23284.21635,15238.12433,
318,0.242699551,0.004810202,0.404097794,0.095122044,0.003893843,0.206458769,0.214987173,16.66824468,427.3268366,15306.50888,
259,5.82E-08,0.100397905,0.069906743,0.0488479,0.013389675,74.07419272,38.72200023,4.94986E+11,6.03E-07,15318.27812,
285,0.068758316,0.036113028,0.117903956,0.000207495,0.021617047,24.61592117,21.80337998,7.27E-09,4584982.042,15393.90762,
294,0.465387531,1.483776691,0.442887912,1.422451163,0.025313229,0.015534641,0.00500013,118.5980184,17.43176685,15639.04664,
116,0.797778982,0.079559491,1.255886619,0.007866579,0.018858722,0.617501181,0.205499884,43.39603827,49.53520544,15663.29017,
390,0.754142232,0.004540754,0.127666454,0.072802878,0.01723981,261.6657129,84.01795958,71.20799726,0.026649681,15991.87619,
297,0.039526376,7.91081079,0.071106553,8.266509466,0.022808665,0.020990676,0.012867443,5.40670627,4.230813966,16145.0613,